2026-02-21 00:01:00.822 +06:00 [INF] FxRateSyncJob started at "2026-02-20T18:01:00.5760621Z"
2026-02-21 00:01:00.820 +06:00 [INF] DailyResetJob started at "2026-02-20T18:01:00.6065395Z"
2026-02-21 00:01:02.094 +06:00 [INF] Processing request SyncExchangeRatesCommand
2026-02-21 00:01:02.546 +06:00 [ERR] Error processing request SyncExchangeRatesCommand: A suitable constructor for type 'FxRateHub.Infrastructure.ExternalServices.CurrencyFreaksService' could not be located. Ensure the type is concrete and all parameters of a public constructor are either registered as services or passed as arguments. Also ensure no extraneous arguments are provided.
System.InvalidOperationException: A suitable constructor for type 'FxRateHub.Infrastructure.ExternalServices.CurrencyFreaksService' could not be located. Ensure the type is concrete and all parameters of a public constructor are either registered as services or passed as arguments. Also ensure no extraneous arguments are provided.
   at Microsoft.Extensions.DependencyInjection.ActivatorUtilities.FindApplicableConstructor(Type instanceType, Type[] argumentTypes, ConstructorInfo& matchingConstructor, Nullable`1[]& matchingParameterMap)
   at Microsoft.Extensions.DependencyInjection.ActivatorUtilities.CreateFactoryInternal(Type instanceType, Type[] argumentTypes, ParameterExpression& provider, ParameterExpression& argumentArray, Expression& factoryExpressionBody)
   at Microsoft.Extensions.DependencyInjection.ActivatorUtilities.CreateFactory(Type instanceType, Type[] argumentTypes)
   at System.Threading.LazyInitializer.EnsureInitializedCore[T](T& target, Boolean& initialized, Object& syncLock, Func`1 valueFactory)
   at Microsoft.Extensions.Http.DefaultTypedHttpClientFactory`1.CreateClient(HttpClient httpClient)
   at Microsoft.Extensions.DependencyInjection.HttpClientBuilderExtensions.AddTransientHelper[TClient,TImplementation](IServiceProvider s, IHttpClientBuilder builder)
   at Microsoft.Extensions.DependencyInjection.ServiceLookup.CallSiteVisitor`2.VisitCallSiteMain(ServiceCallSite callSite, TArgument argument)
   at Microsoft.Extensions.DependencyInjection.ServiceLookup.CallSiteVisitor`2.VisitCallSite(ServiceCallSite callSite, TArgument argument)
   at Microsoft.Extensions.DependencyInjection.ServiceLookup.CallSiteVisitor`2.VisitCallSiteMain(ServiceCallSite callSite, TArgument argument)
   at Microsoft.Extensions.DependencyInjection.ServiceLookup.CallSiteVisitor`2.VisitCallSite(ServiceCallSite callSite, TArgument argument)
   at Microsoft.Extensions.DependencyInjection.ServiceLookup.CallSiteRuntimeResolver.Resolve(ServiceCallSite callSite, ServiceProviderEngineScope scope)
   at Microsoft.Extensions.DependencyInjection.ServiceLookup.DynamicServiceProviderEngine.<>c__DisplayClass2_0.<RealizeService>b__0(ServiceProviderEngineScope scope)
   at Microsoft.Extensions.DependencyInjection.ServiceProviderServiceExtensions.GetRequiredService(IServiceProvider provider, Type serviceType)
   at Microsoft.Extensions.DependencyInjection.ServiceProviderServiceExtensions.GetRequiredService[T](IServiceProvider provider)
   at MediatR.Wrappers.RequestHandlerWrapperImpl`2.<>c__DisplayClass1_0.<Handle>g__Handler|0()
   at FxRateHub.Application.Common.Behaviors.LoggingBehavior`2.Handle(TRequest request, RequestHandlerDelegate`1 next, CancellationToken cancellationToken) in /media/mainul/Software/FxRateHub/src/FxRateHub.Application/Common/Behaviors/LoggingBehavior.cs:line 30
2026-02-21 00:01:03.020 +06:00 [ERR] FxRateSyncJob encountered an error
System.InvalidOperationException: A suitable constructor for type 'FxRateHub.Infrastructure.ExternalServices.CurrencyFreaksService' could not be located. Ensure the type is concrete and all parameters of a public constructor are either registered as services or passed as arguments. Also ensure no extraneous arguments are provided.
   at Microsoft.Extensions.DependencyInjection.ActivatorUtilities.FindApplicableConstructor(Type instanceType, Type[] argumentTypes, ConstructorInfo& matchingConstructor, Nullable`1[]& matchingParameterMap)
   at Microsoft.Extensions.DependencyInjection.ActivatorUtilities.CreateFactoryInternal(Type instanceType, Type[] argumentTypes, ParameterExpression& provider, ParameterExpression& argumentArray, Expression& factoryExpressionBody)
   at Microsoft.Extensions.DependencyInjection.ActivatorUtilities.CreateFactory(Type instanceType, Type[] argumentTypes)
   at System.Threading.LazyInitializer.EnsureInitializedCore[T](T& target, Boolean& initialized, Object& syncLock, Func`1 valueFactory)
   at Microsoft.Extensions.Http.DefaultTypedHttpClientFactory`1.CreateClient(HttpClient httpClient)
   at Microsoft.Extensions.DependencyInjection.HttpClientBuilderExtensions.AddTransientHelper[TClient,TImplementation](IServiceProvider s, IHttpClientBuilder builder)
   at Microsoft.Extensions.DependencyInjection.ServiceLookup.CallSiteVisitor`2.VisitCallSiteMain(ServiceCallSite callSite, TArgument argument)
   at Microsoft.Extensions.DependencyInjection.ServiceLookup.CallSiteVisitor`2.VisitCallSite(ServiceCallSite callSite, TArgument argument)
   at Microsoft.Extensions.DependencyInjection.ServiceLookup.CallSiteVisitor`2.VisitCallSiteMain(ServiceCallSite callSite, TArgument argument)
   at Microsoft.Extensions.DependencyInjection.ServiceLookup.CallSiteVisitor`2.VisitCallSite(ServiceCallSite callSite, TArgument argument)
   at Microsoft.Extensions.DependencyInjection.ServiceLookup.CallSiteRuntimeResolver.Resolve(ServiceCallSite callSite, ServiceProviderEngineScope scope)
   at Microsoft.Extensions.DependencyInjection.ServiceLookup.DynamicServiceProviderEngine.<>c__DisplayClass2_0.<RealizeService>b__0(ServiceProviderEngineScope scope)
   at Microsoft.Extensions.DependencyInjection.ServiceProviderServiceExtensions.GetRequiredService(IServiceProvider provider, Type serviceType)
   at Microsoft.Extensions.DependencyInjection.ServiceProviderServiceExtensions.GetRequiredService[T](IServiceProvider provider)
   at MediatR.Wrappers.RequestHandlerWrapperImpl`2.<>c__DisplayClass1_0.<Handle>g__Handler|0()
   at FxRateHub.Application.Common.Behaviors.LoggingBehavior`2.Handle(TRequest request, RequestHandlerDelegate`1 next, CancellationToken cancellationToken) in /media/mainul/Software/FxRateHub/src/FxRateHub.Application/Common/Behaviors/LoggingBehavior.cs:line 30
   at FxRateHub.Application.Common.Behaviors.ValidationBehavior`2.Handle(TRequest request, RequestHandlerDelegate`1 next, CancellationToken cancellationToken) in /media/mainul/Software/FxRateHub/src/FxRateHub.Application/Common/Behaviors/ValidationBehavior.cs:line 24
   at FxRateHub.Infrastructure.BackgroundJobs.FxRateSyncJob.Execute(IJobExecutionContext context)
2026-02-21 00:01:03.219 +06:00 [ERR] Job DEFAULT.FxRateSyncJob threw an unhandled Exception: 
System.InvalidOperationException: A suitable constructor for type 'FxRateHub.Infrastructure.ExternalServices.CurrencyFreaksService' could not be located. Ensure the type is concrete and all parameters of a public constructor are either registered as services or passed as arguments. Also ensure no extraneous arguments are provided.
   at Microsoft.Extensions.DependencyInjection.ActivatorUtilities.FindApplicableConstructor(Type instanceType, Type[] argumentTypes, ConstructorInfo& matchingConstructor, Nullable`1[]& matchingParameterMap)
   at Microsoft.Extensions.DependencyInjection.ActivatorUtilities.CreateFactoryInternal(Type instanceType, Type[] argumentTypes, ParameterExpression& provider, ParameterExpression& argumentArray, Expression& factoryExpressionBody)
   at Microsoft.Extensions.DependencyInjection.ActivatorUtilities.CreateFactory(Type instanceType, Type[] argumentTypes)
   at System.Threading.LazyInitializer.EnsureInitializedCore[T](T& target, Boolean& initialized, Object& syncLock, Func`1 valueFactory)
   at Microsoft.Extensions.Http.DefaultTypedHttpClientFactory`1.CreateClient(HttpClient httpClient)
   at Microsoft.Extensions.DependencyInjection.HttpClientBuilderExtensions.AddTransientHelper[TClient,TImplementation](IServiceProvider s, IHttpClientBuilder builder)
   at Microsoft.Extensions.DependencyInjection.ServiceLookup.CallSiteVisitor`2.VisitCallSiteMain(ServiceCallSite callSite, TArgument argument)
   at Microsoft.Extensions.DependencyInjection.ServiceLookup.CallSiteVisitor`2.VisitCallSite(ServiceCallSite callSite, TArgument argument)
   at Microsoft.Extensions.DependencyInjection.ServiceLookup.CallSiteVisitor`2.VisitCallSiteMain(ServiceCallSite callSite, TArgument argument)
   at Microsoft.Extensions.DependencyInjection.ServiceLookup.CallSiteVisitor`2.VisitCallSite(ServiceCallSite callSite, TArgument argument)
   at Microsoft.Extensions.DependencyInjection.ServiceLookup.CallSiteRuntimeResolver.Resolve(ServiceCallSite callSite, ServiceProviderEngineScope scope)
   at Microsoft.Extensions.DependencyInjection.ServiceLookup.DynamicServiceProviderEngine.<>c__DisplayClass2_0.<RealizeService>b__0(ServiceProviderEngineScope scope)
   at Microsoft.Extensions.DependencyInjection.ServiceProviderServiceExtensions.GetRequiredService(IServiceProvider provider, Type serviceType)
   at Microsoft.Extensions.DependencyInjection.ServiceProviderServiceExtensions.GetRequiredService[T](IServiceProvider provider)
   at MediatR.Wrappers.RequestHandlerWrapperImpl`2.<>c__DisplayClass1_0.<Handle>g__Handler|0()
   at FxRateHub.Application.Common.Behaviors.LoggingBehavior`2.Handle(TRequest request, RequestHandlerDelegate`1 next, CancellationToken cancellationToken) in /media/mainul/Software/FxRateHub/src/FxRateHub.Application/Common/Behaviors/LoggingBehavior.cs:line 30
   at FxRateHub.Application.Common.Behaviors.ValidationBehavior`2.Handle(TRequest request, RequestHandlerDelegate`1 next, CancellationToken cancellationToken) in /media/mainul/Software/FxRateHub/src/FxRateHub.Application/Common/Behaviors/ValidationBehavior.cs:line 24
   at FxRateHub.Infrastructure.BackgroundJobs.FxRateSyncJob.Execute(IJobExecutionContext context)
   at Quartz.Core.JobRunShell.Run(CancellationToken cancellationToken)
2026-02-21 00:01:03.252 +06:00 [ERR] Job DEFAULT.FxRateSyncJob threw an exception.
Quartz.SchedulerException: Job threw an unhandled exception.
 ---> System.InvalidOperationException: A suitable constructor for type 'FxRateHub.Infrastructure.ExternalServices.CurrencyFreaksService' could not be located. Ensure the type is concrete and all parameters of a public constructor are either registered as services or passed as arguments. Also ensure no extraneous arguments are provided.
   at Microsoft.Extensions.DependencyInjection.ActivatorUtilities.FindApplicableConstructor(Type instanceType, Type[] argumentTypes, ConstructorInfo& matchingConstructor, Nullable`1[]& matchingParameterMap)
   at Microsoft.Extensions.DependencyInjection.ActivatorUtilities.CreateFactoryInternal(Type instanceType, Type[] argumentTypes, ParameterExpression& provider, ParameterExpression& argumentArray, Expression& factoryExpressionBody)
   at Microsoft.Extensions.DependencyInjection.ActivatorUtilities.CreateFactory(Type instanceType, Type[] argumentTypes)
   at System.Threading.LazyInitializer.EnsureInitializedCore[T](T& target, Boolean& initialized, Object& syncLock, Func`1 valueFactory)
   at Microsoft.Extensions.Http.DefaultTypedHttpClientFactory`1.CreateClient(HttpClient httpClient)
   at Microsoft.Extensions.DependencyInjection.HttpClientBuilderExtensions.AddTransientHelper[TClient,TImplementation](IServiceProvider s, IHttpClientBuilder builder)
   at Microsoft.Extensions.DependencyInjection.ServiceLookup.CallSiteVisitor`2.VisitCallSiteMain(ServiceCallSite callSite, TArgument argument)
   at Microsoft.Extensions.DependencyInjection.ServiceLookup.CallSiteVisitor`2.VisitCallSite(ServiceCallSite callSite, TArgument argument)
   at Microsoft.Extensions.DependencyInjection.ServiceLookup.CallSiteVisitor`2.VisitCallSiteMain(ServiceCallSite callSite, TArgument argument)
   at Microsoft.Extensions.DependencyInjection.ServiceLookup.CallSiteVisitor`2.VisitCallSite(ServiceCallSite callSite, TArgument argument)
   at Microsoft.Extensions.DependencyInjection.ServiceLookup.CallSiteRuntimeResolver.Resolve(ServiceCallSite callSite, ServiceProviderEngineScope scope)
   at Microsoft.Extensions.DependencyInjection.ServiceLookup.DynamicServiceProviderEngine.<>c__DisplayClass2_0.<RealizeService>b__0(ServiceProviderEngineScope scope)
   at Microsoft.Extensions.DependencyInjection.ServiceProviderServiceExtensions.GetRequiredService(IServiceProvider provider, Type serviceType)
   at Microsoft.Extensions.DependencyInjection.ServiceProviderServiceExtensions.GetRequiredService[T](IServiceProvider provider)
   at MediatR.Wrappers.RequestHandlerWrapperImpl`2.<>c__DisplayClass1_0.<Handle>g__Handler|0()
   at FxRateHub.Application.Common.Behaviors.LoggingBehavior`2.Handle(TRequest request, RequestHandlerDelegate`1 next, CancellationToken cancellationToken) in /media/mainul/Software/FxRateHub/src/FxRateHub.Application/Common/Behaviors/LoggingBehavior.cs:line 30
   at FxRateHub.Application.Common.Behaviors.ValidationBehavior`2.Handle(TRequest request, RequestHandlerDelegate`1 next, CancellationToken cancellationToken) in /media/mainul/Software/FxRateHub/src/FxRateHub.Application/Common/Behaviors/ValidationBehavior.cs:line 24
   at FxRateHub.Infrastructure.BackgroundJobs.FxRateSyncJob.Execute(IJobExecutionContext context)
   at Quartz.Core.JobRunShell.Run(CancellationToken cancellationToken)
   --- End of inner exception stack trace --- [See nested exception: System.InvalidOperationException: A suitable constructor for type 'FxRateHub.Infrastructure.ExternalServices.CurrencyFreaksService' could not be located. Ensure the type is concrete and all parameters of a public constructor are either registered as services or passed as arguments. Also ensure no extraneous arguments are provided.
   at Microsoft.Extensions.DependencyInjection.ActivatorUtilities.FindApplicableConstructor(Type instanceType, Type[] argumentTypes, ConstructorInfo& matchingConstructor, Nullable`1[]& matchingParameterMap)
   at Microsoft.Extensions.DependencyInjection.ActivatorUtilities.CreateFactoryInternal(Type instanceType, Type[] argumentTypes, ParameterExpression& provider, ParameterExpression& argumentArray, Expression& factoryExpressionBody)
   at Microsoft.Extensions.DependencyInjection.ActivatorUtilities.CreateFactory(Type instanceType, Type[] argumentTypes)
   at System.Threading.LazyInitializer.EnsureInitializedCore[T](T& target, Boolean& initialized, Object& syncLock, Func`1 valueFactory)
   at Microsoft.Extensions.Http.DefaultTypedHttpClientFactory`1.CreateClient(HttpClient httpClient)
   at Microsoft.Extensions.DependencyInjection.HttpClientBuilderExtensions.AddTransientHelper[TClient,TImplementation](IServiceProvider s, IHttpClientBuilder builder)
   at Microsoft.Extensions.DependencyInjection.ServiceLookup.CallSiteVisitor`2.VisitCallSiteMain(ServiceCallSite callSite, TArgument argument)
   at Microsoft.Extensions.DependencyInjection.ServiceLookup.CallSiteVisitor`2.VisitCallSite(ServiceCallSite callSite, TArgument argument)
   at Microsoft.Extensions.DependencyInjection.ServiceLookup.CallSiteVisitor`2.VisitCallSiteMain(ServiceCallSite callSite, TArgument argument)
   at Microsoft.Extensions.DependencyInjection.ServiceLookup.CallSiteVisitor`2.VisitCallSite(ServiceCallSite callSite, TArgument argument)
   at Microsoft.Extensions.DependencyInjection.ServiceLookup.CallSiteRuntimeResolver.Resolve(ServiceCallSite callSite, ServiceProviderEngineScope scope)
   at Microsoft.Extensions.DependencyInjection.ServiceLookup.DynamicServiceProviderEngine.<>c__DisplayClass2_0.<RealizeService>b__0(ServiceProviderEngineScope scope)
   at Microsoft.Extensions.DependencyInjection.ServiceProviderServiceExtensions.GetRequiredService(IServiceProvider provider, Type serviceType)
   at Microsoft.Extensions.DependencyInjection.ServiceProviderServiceExtensions.GetRequiredService[T](IServiceProvider provider)
   at MediatR.Wrappers.RequestHandlerWrapperImpl`2.<>c__DisplayClass1_0.<Handle>g__Handler|0()
   at FxRateHub.Application.Common.Behaviors.LoggingBehavior`2.Handle(TRequest request, RequestHandlerDelegate`1 next, CancellationToken cancellationToken) in /media/mainul/Software/FxRateHub/src/FxRateHub.Application/Common/Behaviors/LoggingBehavior.cs:line 30
   at FxRateHub.Application.Common.Behaviors.ValidationBehavior`2.Handle(TRequest request, RequestHandlerDelegate`1 next, CancellationToken cancellationToken) in /media/mainul/Software/FxRateHub/src/FxRateHub.Application/Common/Behaviors/ValidationBehavior.cs:line 24
   at FxRateHub.Infrastructure.BackgroundJobs.FxRateSyncJob.Execute(IJobExecutionContext context)
   at Quartz.Core.JobRunShell.Run(CancellationToken cancellationToken)]
2026-02-21 00:01:09.186 +06:00 [INF] DailyResetJob completed. 1 API keys were reset
2026-02-21 00:08:50.795 +06:00 [INF] Applying database migrations...
2026-02-21 00:09:03.744 +06:00 [INF] Database migrations applied successfully.
2026-02-21 00:09:03.752 +06:00 [INF] Seeding database...
2026-02-21 00:09:05.215 +06:00 [INF] Admin user with email admin@fxratehub.com already exists
2026-02-21 00:09:05.660 +06:00 [INF] App setting with key SyncIntervalMinutes already exists
2026-02-21 00:09:05.987 +06:00 [INF] App setting with key DailyRequestLimit already exists
2026-02-21 00:09:06.314 +06:00 [INF] App setting with key MaintenanceMode already exists
2026-02-21 00:09:06.318 +06:00 [INF] Database seeding skipped - all records already exist
2026-02-21 00:09:06.322 +06:00 [INF] Database seeding completed.
2026-02-21 00:09:06.367 +06:00 [INF] FX Rate Hub API is starting...
2026-02-21 00:09:06.641 +06:00 [INF] Initialized Scheduler Signaller of type: Quartz.Core.SchedulerSignalerImpl
2026-02-21 00:09:06.646 +06:00 [INF] Quartz Scheduler created
2026-02-21 00:09:06.649 +06:00 [INF] JobFactory set to: Quartz.Simpl.MicrosoftDependencyInjectionJobFactory
2026-02-21 00:09:06.656 +06:00 [INF] RAMJobStore initialized.
2026-02-21 00:09:06.660 +06:00 [INF] Quartz Scheduler 3.8.1.0 - 'QuartzScheduler' with instanceId 'NON_CLUSTERED' initialized
2026-02-21 00:09:06.664 +06:00 [INF] Using thread pool 'Quartz.Simpl.DefaultThreadPool', size: 10
2026-02-21 00:09:06.669 +06:00 [INF] Using job store 'Quartz.Simpl.RAMJobStore', supports persistence: False, clustered: False
2026-02-21 00:09:06.713 +06:00 [INF] Adding 2 jobs, 2 triggers.
2026-02-21 00:09:06.725 +06:00 [INF] Adding job: DEFAULT.FxRateSyncJob
2026-02-21 00:09:06.819 +06:00 [INF] Adding job: DEFAULT.DailyResetJob
2026-02-21 00:09:07.167 +06:00 [INF] Scheduler QuartzScheduler_$_NON_CLUSTERED started.
2026-02-21 00:09:11.133 +06:00 [INF] HTTP GET /api-docs/index.html responded 200 in 516.3997 ms
2026-02-21 00:09:15.780 +06:00 [INF] HTTP GET /api-docs/v1/swagger.json responded 200 in 570.8253 ms
2026-02-21 00:09:52.232 +06:00 [WRN] Failed to determine the https port for redirect.
2026-02-21 00:09:52.843 +06:00 [INF] Processing request LoginCommand
2026-02-21 00:09:56.457 +06:00 [INF] Completed request LoginCommand in 3604ms
2026-02-21 00:09:56.556 +06:00 [INF] HTTP POST /api/Auth/login responded 200 in 4342.6564 ms
2026-02-21 00:10:42.245 +06:00 [ERR] An unhandled exception occurred.
System.InvalidOperationException: The LINQ expression 'DbSet<ExchangeRate>()
    .Where(e => e.BaseCurrency.Equals(
        value: __baseCurrencyUpper_0, 
        comparisonType: OrdinalIgnoreCase))' could not be translated. Additional information: Translation of the 'string.Equals' overload with a 'StringComparison' parameter is not supported. See https://go.microsoft.com/fwlink/?linkid=2129535 for more information. Either rewrite the query in a form that can be translated, or switch to client evaluation explicitly by inserting a call to 'AsEnumerable', 'AsAsyncEnumerable', 'ToList', or 'ToListAsync'. See https://go.microsoft.com/fwlink/?linkid=2101038 for more information.
   at Microsoft.EntityFrameworkCore.Query.QueryableMethodTranslatingExpressionVisitor.Translate(Expression expression)
   at Microsoft.EntityFrameworkCore.Query.RelationalQueryableMethodTranslatingExpressionVisitor.Translate(Expression expression)
   at Microsoft.EntityFrameworkCore.Query.QueryCompilationContext.CreateQueryExecutor[TResult](Expression query)
   at Microsoft.EntityFrameworkCore.Storage.Database.CompileQuery[TResult](Expression query, Boolean async)
   at Microsoft.EntityFrameworkCore.Query.Internal.QueryCompiler.CompileQueryCore[TResult](IDatabase database, Expression query, IModel model, Boolean async)
   at Microsoft.EntityFrameworkCore.Query.Internal.QueryCompiler.<>c__DisplayClass12_0`1.<ExecuteAsync>b__0()
   at Microsoft.EntityFrameworkCore.Query.Internal.CompiledQueryCache.GetOrAddQuery[TResult](Object cacheKey, Func`1 compiler)
   at Microsoft.EntityFrameworkCore.Query.Internal.QueryCompiler.ExecuteAsync[TResult](Expression query, CancellationToken cancellationToken)
   at Microsoft.EntityFrameworkCore.Query.Internal.EntityQueryProvider.ExecuteAsync[TResult](Expression expression, CancellationToken cancellationToken)
   at Microsoft.EntityFrameworkCore.Query.Internal.EntityQueryable`1.GetAsyncEnumerator(CancellationToken cancellationToken)
   at System.Runtime.CompilerServices.ConfiguredCancelableAsyncEnumerable`1.GetAsyncEnumerator()
   at Microsoft.EntityFrameworkCore.EntityFrameworkQueryableExtensions.ToDictionaryAsync[TSource,TKey,TElement](IQueryable`1 source, Func`2 keySelector, Func`2 elementSelector, IEqualityComparer`1 comparer, CancellationToken cancellationToken)
   at FxRateHub.Infrastructure.Services.ExchangeRateService.GetExchangeRatesAsync(String baseCurrency) in /media/mainul/Software/FxRateHub/src/FxRateHub.Infrastructure/Services/ExchangeRateService.cs:line 31
   at FxRateHub.API.Controllers.V1.ExchangeRatesController.GetExchangeRates(String baseCurrency) in /media/mainul/Software/FxRateHub/src/FxRateHub.API/Controllers/V1/ExchangeRatesController.cs:line 64
   at Microsoft.AspNetCore.Mvc.Infrastructure.ActionMethodExecutor.TaskOfIActionResultExecutor.Execute(ActionContext actionContext, IActionResultTypeMapper mapper, ObjectMethodExecutor executor, Object controller, Object[] arguments)
   at Microsoft.AspNetCore.Mvc.Infrastructure.ControllerActionInvoker.<InvokeActionMethodAsync>g__Awaited|12_0(ControllerActionInvoker invoker, ValueTask`1 actionResultValueTask)
   at Microsoft.AspNetCore.Mvc.Infrastructure.ControllerActionInvoker.<InvokeNextActionFilterAsync>g__Awaited|10_0(ControllerActionInvoker invoker, Task lastTask, State next, Scope scope, Object state, Boolean isCompleted)
   at Microsoft.AspNetCore.Mvc.Infrastructure.ControllerActionInvoker.Rethrow(ActionExecutedContextSealed context)
   at Microsoft.AspNetCore.Mvc.Infrastructure.ControllerActionInvoker.Next(State& next, Scope& scope, Object& state, Boolean& isCompleted)
   at Microsoft.AspNetCore.Mvc.Infrastructure.ControllerActionInvoker.InvokeInnerFilterAsync()
--- End of stack trace from previous location ---
   at Microsoft.AspNetCore.Mvc.Infrastructure.ResourceInvoker.<InvokeFilterPipelineAsync>g__Awaited|20_0(ResourceInvoker invoker, Task lastTask, State next, Scope scope, Object state, Boolean isCompleted)
   at Microsoft.AspNetCore.Mvc.Infrastructure.ResourceInvoker.<InvokeAsync>g__Awaited|17_0(ResourceInvoker invoker, Task task, IDisposable scope)
   at Microsoft.AspNetCore.Mvc.Infrastructure.ResourceInvoker.<InvokeAsync>g__Awaited|17_0(ResourceInvoker invoker, Task task, IDisposable scope)
   at Microsoft.AspNetCore.Authorization.AuthorizationMiddleware.Invoke(HttpContext context)
   at Microsoft.AspNetCore.Authentication.AuthenticationMiddleware.Invoke(HttpContext context)
   at FxRateHub.API.Middleware.ExceptionHandlingMiddleware.InvokeAsync(HttpContext context) in /media/mainul/Software/FxRateHub/src/FxRateHub.API/Middleware/ExceptionHandlingMiddleware.cs:line 26
2026-02-21 00:10:42.365 +06:00 [ERR] HTTP GET /api/v1/rates responded 500 in 861.4934 ms
2026-02-21 00:15:19.397 +06:00 [ERR] An unhandled exception occurred.
System.InvalidOperationException: The LINQ expression 'DbSet<ExchangeRate>()
    .Where(e => e.BaseCurrency.Equals(
        value: __baseCurrencyUpper_0, 
        comparisonType: OrdinalIgnoreCase))' could not be translated. Additional information: Translation of the 'string.Equals' overload with a 'StringComparison' parameter is not supported. See https://go.microsoft.com/fwlink/?linkid=2129535 for more information. Either rewrite the query in a form that can be translated, or switch to client evaluation explicitly by inserting a call to 'AsEnumerable', 'AsAsyncEnumerable', 'ToList', or 'ToListAsync'. See https://go.microsoft.com/fwlink/?linkid=2101038 for more information.
   at Microsoft.EntityFrameworkCore.Query.QueryableMethodTranslatingExpressionVisitor.Translate(Expression expression)
   at Microsoft.EntityFrameworkCore.Query.RelationalQueryableMethodTranslatingExpressionVisitor.Translate(Expression expression)
   at Microsoft.EntityFrameworkCore.Query.QueryCompilationContext.CreateQueryExecutor[TResult](Expression query)
   at Microsoft.EntityFrameworkCore.Storage.Database.CompileQuery[TResult](Expression query, Boolean async)
   at Microsoft.EntityFrameworkCore.Query.Internal.QueryCompiler.CompileQueryCore[TResult](IDatabase database, Expression query, IModel model, Boolean async)
   at Microsoft.EntityFrameworkCore.Query.Internal.QueryCompiler.<>c__DisplayClass12_0`1.<ExecuteAsync>b__0()
   at Microsoft.EntityFrameworkCore.Query.Internal.CompiledQueryCache.GetOrAddQuery[TResult](Object cacheKey, Func`1 compiler)
   at Microsoft.EntityFrameworkCore.Query.Internal.QueryCompiler.ExecuteAsync[TResult](Expression query, CancellationToken cancellationToken)
   at Microsoft.EntityFrameworkCore.Query.Internal.EntityQueryProvider.ExecuteAsync[TResult](Expression expression, CancellationToken cancellationToken)
   at Microsoft.EntityFrameworkCore.Query.Internal.EntityQueryable`1.GetAsyncEnumerator(CancellationToken cancellationToken)
   at System.Runtime.CompilerServices.ConfiguredCancelableAsyncEnumerable`1.GetAsyncEnumerator()
   at Microsoft.EntityFrameworkCore.EntityFrameworkQueryableExtensions.ToDictionaryAsync[TSource,TKey,TElement](IQueryable`1 source, Func`2 keySelector, Func`2 elementSelector, IEqualityComparer`1 comparer, CancellationToken cancellationToken)
   at FxRateHub.Infrastructure.Services.ExchangeRateService.GetExchangeRatesAsync(String baseCurrency) in /media/mainul/Software/FxRateHub/src/FxRateHub.Infrastructure/Services/ExchangeRateService.cs:line 31
   at FxRateHub.API.Controllers.V1.ExchangeRatesController.GetExchangeRates(String baseCurrency) in /media/mainul/Software/FxRateHub/src/FxRateHub.API/Controllers/V1/ExchangeRatesController.cs:line 64
   at Microsoft.AspNetCore.Mvc.Infrastructure.ActionMethodExecutor.TaskOfIActionResultExecutor.Execute(ActionContext actionContext, IActionResultTypeMapper mapper, ObjectMethodExecutor executor, Object controller, Object[] arguments)
   at Microsoft.AspNetCore.Mvc.Infrastructure.ControllerActionInvoker.<InvokeActionMethodAsync>g__Awaited|12_0(ControllerActionInvoker invoker, ValueTask`1 actionResultValueTask)
   at Microsoft.AspNetCore.Mvc.Infrastructure.ControllerActionInvoker.<InvokeNextActionFilterAsync>g__Awaited|10_0(ControllerActionInvoker invoker, Task lastTask, State next, Scope scope, Object state, Boolean isCompleted)
   at Microsoft.AspNetCore.Mvc.Infrastructure.ControllerActionInvoker.Rethrow(ActionExecutedContextSealed context)
   at Microsoft.AspNetCore.Mvc.Infrastructure.ControllerActionInvoker.Next(State& next, Scope& scope, Object& state, Boolean& isCompleted)
   at Microsoft.AspNetCore.Mvc.Infrastructure.ControllerActionInvoker.InvokeInnerFilterAsync()
--- End of stack trace from previous location ---
   at Microsoft.AspNetCore.Mvc.Infrastructure.ResourceInvoker.<InvokeFilterPipelineAsync>g__Awaited|20_0(ResourceInvoker invoker, Task lastTask, State next, Scope scope, Object state, Boolean isCompleted)
   at Microsoft.AspNetCore.Mvc.Infrastructure.ResourceInvoker.<InvokeAsync>g__Awaited|17_0(ResourceInvoker invoker, Task task, IDisposable scope)
   at Microsoft.AspNetCore.Mvc.Infrastructure.ResourceInvoker.<InvokeAsync>g__Awaited|17_0(ResourceInvoker invoker, Task task, IDisposable scope)
   at Microsoft.AspNetCore.Authorization.AuthorizationMiddleware.Invoke(HttpContext context)
   at Microsoft.AspNetCore.Authentication.AuthenticationMiddleware.Invoke(HttpContext context)
   at FxRateHub.API.Middleware.ExceptionHandlingMiddleware.InvokeAsync(HttpContext context) in /media/mainul/Software/FxRateHub/src/FxRateHub.API/Middleware/ExceptionHandlingMiddleware.cs:line 26
2026-02-21 00:15:19.685 +06:00 [ERR] HTTP GET /api/v1/rates responded 500 in 606.8747 ms
2026-02-21 00:32:40.793 +06:00 [INF] Scheduler QuartzScheduler_$_NON_CLUSTERED shutting down.
2026-02-21 00:32:40.857 +06:00 [INF] Scheduler QuartzScheduler_$_NON_CLUSTERED paused.
2026-02-21 00:32:40.912 +06:00 [INF] Scheduler QuartzScheduler_$_NON_CLUSTERED Shutdown complete.
2026-02-21 00:33:24.518 +06:00 [INF] Applying database migrations...
2026-02-21 00:33:32.215 +06:00 [INF] Database migrations applied successfully.
2026-02-21 00:33:32.220 +06:00 [INF] Seeding database...
2026-02-21 00:33:33.295 +06:00 [INF] Admin user with email admin@fxratehub.com already exists
2026-02-21 00:33:34.075 +06:00 [INF] App setting with key SyncIntervalMinutes already exists
2026-02-21 00:33:34.375 +06:00 [INF] App setting with key DailyRequestLimit already exists
2026-02-21 00:33:34.645 +06:00 [INF] App setting with key MaintenanceMode already exists
2026-02-21 00:33:34.648 +06:00 [INF] Database seeding skipped - all records already exist
2026-02-21 00:33:34.650 +06:00 [INF] Database seeding completed.
2026-02-21 00:33:34.665 +06:00 [INF] FX Rate Hub API is starting...
2026-02-21 00:33:34.760 +06:00 [INF] Initialized Scheduler Signaller of type: Quartz.Core.SchedulerSignalerImpl
2026-02-21 00:33:34.764 +06:00 [INF] Quartz Scheduler created
2026-02-21 00:33:34.769 +06:00 [INF] JobFactory set to: Quartz.Simpl.MicrosoftDependencyInjectionJobFactory
2026-02-21 00:33:34.772 +06:00 [INF] RAMJobStore initialized.
2026-02-21 00:33:34.775 +06:00 [INF] Quartz Scheduler 3.8.1.0 - 'QuartzScheduler' with instanceId 'NON_CLUSTERED' initialized
2026-02-21 00:33:34.777 +06:00 [INF] Using thread pool 'Quartz.Simpl.DefaultThreadPool', size: 10
2026-02-21 00:33:34.779 +06:00 [INF] Using job store 'Quartz.Simpl.RAMJobStore', supports persistence: False, clustered: False
2026-02-21 00:33:34.806 +06:00 [INF] Adding 2 jobs, 2 triggers.
2026-02-21 00:33:34.811 +06:00 [INF] Adding job: DEFAULT.FxRateSyncJob
2026-02-21 00:33:34.846 +06:00 [INF] Adding job: DEFAULT.DailyResetJob
2026-02-21 00:33:35.072 +06:00 [INF] Scheduler QuartzScheduler_$_NON_CLUSTERED started.
2026-02-21 00:33:59.010 +06:00 [INF] HTTP GET /api-docs/index.html responded 200 in 317.8647 ms
2026-02-21 00:34:02.084 +06:00 [INF] HTTP GET /api-docs/v1/swagger.json responded 200 in 665.2601 ms
2026-02-21 00:36:19.187 +06:00 [WRN] Failed to determine the https port for redirect.
2026-02-21 00:36:20.526 +06:00 [INF] Processing request LoginCommand
2026-02-21 00:36:23.104 +06:00 [INF] Completed request LoginCommand in 2571ms
2026-02-21 00:36:23.178 +06:00 [INF] HTTP POST /api/Auth/login responded 200 in 4030.8001 ms
2026-02-21 00:37:00.779 +06:00 [INF] HTTP GET /api/v1/rates responded 200 in 678.4010 ms
2026-02-21 00:37:19.215 +06:00 [INF] Processing request GetRateByCodeQuery
2026-02-21 00:37:19.265 +06:00 [ERR] Error processing request GetRateByCodeQuery: The LINQ expression 'DbSet<ExchangeRate>()
    .Where(e => e.BaseCurrency.Equals(
        value: __baseCurrency_0, 
        comparisonType: OrdinalIgnoreCase) && e.TargetCurrency.Equals(
        value: __targetCurrency_1, 
        comparisonType: OrdinalIgnoreCase))' could not be translated. Additional information: Translation of the 'string.Equals' overload with a 'StringComparison' parameter is not supported. See https://go.microsoft.com/fwlink/?linkid=2129535 for more information.
Translation of the 'string.Equals' overload with a 'StringComparison' parameter is not supported. See https://go.microsoft.com/fwlink/?linkid=2129535 for more information. Either rewrite the query in a form that can be translated, or switch to client evaluation explicitly by inserting a call to 'AsEnumerable', 'AsAsyncEnumerable', 'ToList', or 'ToListAsync'. See https://go.microsoft.com/fwlink/?linkid=2101038 for more information.
System.InvalidOperationException: The LINQ expression 'DbSet<ExchangeRate>()
    .Where(e => e.BaseCurrency.Equals(
        value: __baseCurrency_0, 
        comparisonType: OrdinalIgnoreCase) && e.TargetCurrency.Equals(
        value: __targetCurrency_1, 
        comparisonType: OrdinalIgnoreCase))' could not be translated. Additional information: Translation of the 'string.Equals' overload with a 'StringComparison' parameter is not supported. See https://go.microsoft.com/fwlink/?linkid=2129535 for more information.
Translation of the 'string.Equals' overload with a 'StringComparison' parameter is not supported. See https://go.microsoft.com/fwlink/?linkid=2129535 for more information. Either rewrite the query in a form that can be translated, or switch to client evaluation explicitly by inserting a call to 'AsEnumerable', 'AsAsyncEnumerable', 'ToList', or 'ToListAsync'. See https://go.microsoft.com/fwlink/?linkid=2101038 for more information.
   at Microsoft.EntityFrameworkCore.Query.QueryableMethodTranslatingExpressionVisitor.Translate(Expression expression)
   at Microsoft.EntityFrameworkCore.Query.RelationalQueryableMethodTranslatingExpressionVisitor.Translate(Expression expression)
   at Microsoft.EntityFrameworkCore.Query.QueryCompilationContext.CreateQueryExecutor[TResult](Expression query)
   at Microsoft.EntityFrameworkCore.Storage.Database.CompileQuery[TResult](Expression query, Boolean async)
   at Microsoft.EntityFrameworkCore.Query.Internal.QueryCompiler.CompileQueryCore[TResult](IDatabase database, Expression query, IModel model, Boolean async)
   at Microsoft.EntityFrameworkCore.Query.Internal.QueryCompiler.<>c__DisplayClass12_0`1.<ExecuteAsync>b__0()
   at Microsoft.EntityFrameworkCore.Query.Internal.CompiledQueryCache.GetOrAddQuery[TResult](Object cacheKey, Func`1 compiler)
   at Microsoft.EntityFrameworkCore.Query.Internal.QueryCompiler.ExecuteAsync[TResult](Expression query, CancellationToken cancellationToken)
   at Microsoft.EntityFrameworkCore.Query.Internal.EntityQueryProvider.ExecuteAsync[TResult](Expression expression, CancellationToken cancellationToken)
   at Microsoft.EntityFrameworkCore.EntityFrameworkQueryableExtensions.ExecuteAsync[TSource,TResult](MethodInfo operatorMethodInfo, IQueryable`1 source, Expression expression, CancellationToken cancellationToken)
   at Microsoft.EntityFrameworkCore.EntityFrameworkQueryableExtensions.ExecuteAsync[TSource,TResult](MethodInfo operatorMethodInfo, IQueryable`1 source, LambdaExpression expression, CancellationToken cancellationToken)
   at Microsoft.EntityFrameworkCore.EntityFrameworkQueryableExtensions.FirstOrDefaultAsync[TSource](IQueryable`1 source, Expression`1 predicate, CancellationToken cancellationToken)
   at FxRateHub.Application.Features.ExchangeRates.Queries.GetRateByCodeQueryHandler.Handle(GetRateByCodeQuery request, CancellationToken cancellationToken) in /media/mainul/Software/FxRateHub/src/FxRateHub.Application/Features/ExchangeRates/Queries/GetRateByCodeQuery.cs:line 28
   at FxRateHub.Application.Common.Behaviors.LoggingBehavior`2.Handle(TRequest request, RequestHandlerDelegate`1 next, CancellationToken cancellationToken) in /media/mainul/Software/FxRateHub/src/FxRateHub.Application/Common/Behaviors/LoggingBehavior.cs:line 30
2026-02-21 00:37:19.558 +06:00 [ERR] An unhandled exception occurred.
System.InvalidOperationException: The LINQ expression 'DbSet<ExchangeRate>()
    .Where(e => e.BaseCurrency.Equals(
        value: __baseCurrency_0, 
        comparisonType: OrdinalIgnoreCase) && e.TargetCurrency.Equals(
        value: __targetCurrency_1, 
        comparisonType: OrdinalIgnoreCase))' could not be translated. Additional information: Translation of the 'string.Equals' overload with a 'StringComparison' parameter is not supported. See https://go.microsoft.com/fwlink/?linkid=2129535 for more information.
Translation of the 'string.Equals' overload with a 'StringComparison' parameter is not supported. See https://go.microsoft.com/fwlink/?linkid=2129535 for more information. Either rewrite the query in a form that can be translated, or switch to client evaluation explicitly by inserting a call to 'AsEnumerable', 'AsAsyncEnumerable', 'ToList', or 'ToListAsync'. See https://go.microsoft.com/fwlink/?linkid=2101038 for more information.
   at Microsoft.EntityFrameworkCore.Query.QueryableMethodTranslatingExpressionVisitor.Translate(Expression expression)
   at Microsoft.EntityFrameworkCore.Query.RelationalQueryableMethodTranslatingExpressionVisitor.Translate(Expression expression)
   at Microsoft.EntityFrameworkCore.Query.QueryCompilationContext.CreateQueryExecutor[TResult](Expression query)
   at Microsoft.EntityFrameworkCore.Storage.Database.CompileQuery[TResult](Expression query, Boolean async)
   at Microsoft.EntityFrameworkCore.Query.Internal.QueryCompiler.CompileQueryCore[TResult](IDatabase database, Expression query, IModel model, Boolean async)
   at Microsoft.EntityFrameworkCore.Query.Internal.QueryCompiler.<>c__DisplayClass12_0`1.<ExecuteAsync>b__0()
   at Microsoft.EntityFrameworkCore.Query.Internal.CompiledQueryCache.GetOrAddQuery[TResult](Object cacheKey, Func`1 compiler)
   at Microsoft.EntityFrameworkCore.Query.Internal.QueryCompiler.ExecuteAsync[TResult](Expression query, CancellationToken cancellationToken)
   at Microsoft.EntityFrameworkCore.Query.Internal.EntityQueryProvider.ExecuteAsync[TResult](Expression expression, CancellationToken cancellationToken)
   at Microsoft.EntityFrameworkCore.EntityFrameworkQueryableExtensions.ExecuteAsync[TSource,TResult](MethodInfo operatorMethodInfo, IQueryable`1 source, Expression expression, CancellationToken cancellationToken)
   at Microsoft.EntityFrameworkCore.EntityFrameworkQueryableExtensions.ExecuteAsync[TSource,TResult](MethodInfo operatorMethodInfo, IQueryable`1 source, LambdaExpression expression, CancellationToken cancellationToken)
   at Microsoft.EntityFrameworkCore.EntityFrameworkQueryableExtensions.FirstOrDefaultAsync[TSource](IQueryable`1 source, Expression`1 predicate, CancellationToken cancellationToken)
   at FxRateHub.Application.Features.ExchangeRates.Queries.GetRateByCodeQueryHandler.Handle(GetRateByCodeQuery request, CancellationToken cancellationToken) in /media/mainul/Software/FxRateHub/src/FxRateHub.Application/Features/ExchangeRates/Queries/GetRateByCodeQuery.cs:line 28
   at FxRateHub.Application.Common.Behaviors.LoggingBehavior`2.Handle(TRequest request, RequestHandlerDelegate`1 next, CancellationToken cancellationToken) in /media/mainul/Software/FxRateHub/src/FxRateHub.Application/Common/Behaviors/LoggingBehavior.cs:line 30
   at FxRateHub.Application.Common.Behaviors.ValidationBehavior`2.Handle(TRequest request, RequestHandlerDelegate`1 next, CancellationToken cancellationToken) in /media/mainul/Software/FxRateHub/src/FxRateHub.Application/Common/Behaviors/ValidationBehavior.cs:line 24
   at FxRateHub.API.Controllers.V1.ExchangeRatesController.GetExchangeRate(String currencyCode, String baseCurrency) in /media/mainul/Software/FxRateHub/src/FxRateHub.API/Controllers/V1/ExchangeRatesController.cs:line 91
   at Microsoft.AspNetCore.Mvc.Infrastructure.ActionMethodExecutor.TaskOfIActionResultExecutor.Execute(ActionContext actionContext, IActionResultTypeMapper mapper, ObjectMethodExecutor executor, Object controller, Object[] arguments)
   at Microsoft.AspNetCore.Mvc.Infrastructure.ControllerActionInvoker.<InvokeActionMethodAsync>g__Awaited|12_0(ControllerActionInvoker invoker, ValueTask`1 actionResultValueTask)
   at Microsoft.AspNetCore.Mvc.Infrastructure.ControllerActionInvoker.<InvokeNextActionFilterAsync>g__Awaited|10_0(ControllerActionInvoker invoker, Task lastTask, State next, Scope scope, Object state, Boolean isCompleted)
   at Microsoft.AspNetCore.Mvc.Infrastructure.ControllerActionInvoker.Rethrow(ActionExecutedContextSealed context)
   at Microsoft.AspNetCore.Mvc.Infrastructure.ControllerActionInvoker.Next(State& next, Scope& scope, Object& state, Boolean& isCompleted)
   at Microsoft.AspNetCore.Mvc.Infrastructure.ControllerActionInvoker.InvokeInnerFilterAsync()
--- End of stack trace from previous location ---
   at Microsoft.AspNetCore.Mvc.Infrastructure.ResourceInvoker.<InvokeFilterPipelineAsync>g__Awaited|20_0(ResourceInvoker invoker, Task lastTask, State next, Scope scope, Object state, Boolean isCompleted)
   at Microsoft.AspNetCore.Mvc.Infrastructure.ResourceInvoker.<InvokeAsync>g__Awaited|17_0(ResourceInvoker invoker, Task task, IDisposable scope)
   at Microsoft.AspNetCore.Mvc.Infrastructure.ResourceInvoker.<InvokeAsync>g__Awaited|17_0(ResourceInvoker invoker, Task task, IDisposable scope)
   at Microsoft.AspNetCore.Authorization.AuthorizationMiddleware.Invoke(HttpContext context)
   at Microsoft.AspNetCore.Authentication.AuthenticationMiddleware.Invoke(HttpContext context)
   at FxRateHub.API.Middleware.ExceptionHandlingMiddleware.InvokeAsync(HttpContext context) in /media/mainul/Software/FxRateHub/src/FxRateHub.API/Middleware/ExceptionHandlingMiddleware.cs:line 26
2026-02-21 00:37:19.626 +06:00 [ERR] HTTP GET /api/v1/rates/EUR responded 500 in 437.5069 ms
2026-02-21 00:38:13.964 +06:00 [ERR] An unhandled exception occurred.
System.InvalidOperationException: Cannot convert from 'USD' to 'EUR': exchange rate not found
   at FxRateHub.Infrastructure.Services.ExchangeRateService.ConvertCurrencyAsync(String from, String to, Decimal amount) in /media/mainul/Software/FxRateHub/src/FxRateHub.Infrastructure/Services/ExchangeRateService.cs:line 173
   at FxRateHub.API.Controllers.V1.ExchangeRatesController.ConvertCurrency(String from, String to, Decimal amount) in /media/mainul/Software/FxRateHub/src/FxRateHub.API/Controllers/V1/ExchangeRatesController.cs:line 130
   at Microsoft.AspNetCore.Mvc.Infrastructure.ActionMethodExecutor.TaskOfIActionResultExecutor.Execute(ActionContext actionContext, IActionResultTypeMapper mapper, ObjectMethodExecutor executor, Object controller, Object[] arguments)
   at Microsoft.AspNetCore.Mvc.Infrastructure.ControllerActionInvoker.<InvokeActionMethodAsync>g__Awaited|12_0(ControllerActionInvoker invoker, ValueTask`1 actionResultValueTask)
   at Microsoft.AspNetCore.Mvc.Infrastructure.ControllerActionInvoker.<InvokeNextActionFilterAsync>g__Awaited|10_0(ControllerActionInvoker invoker, Task lastTask, State next, Scope scope, Object state, Boolean isCompleted)
   at Microsoft.AspNetCore.Mvc.Infrastructure.ControllerActionInvoker.Rethrow(ActionExecutedContextSealed context)
   at Microsoft.AspNetCore.Mvc.Infrastructure.ControllerActionInvoker.Next(State& next, Scope& scope, Object& state, Boolean& isCompleted)
   at Microsoft.AspNetCore.Mvc.Infrastructure.ControllerActionInvoker.<InvokeInnerFilterAsync>g__Awaited|13_0(ControllerActionInvoker invoker, Task lastTask, State next, Scope scope, Object state, Boolean isCompleted)
   at Microsoft.AspNetCore.Mvc.Infrastructure.ResourceInvoker.<InvokeFilterPipelineAsync>g__Awaited|20_0(ResourceInvoker invoker, Task lastTask, State next, Scope scope, Object state, Boolean isCompleted)
   at Microsoft.AspNetCore.Mvc.Infrastructure.ResourceInvoker.<InvokeAsync>g__Awaited|17_0(ResourceInvoker invoker, Task task, IDisposable scope)
   at Microsoft.AspNetCore.Mvc.Infrastructure.ResourceInvoker.<InvokeAsync>g__Awaited|17_0(ResourceInvoker invoker, Task task, IDisposable scope)
   at Microsoft.AspNetCore.Authorization.AuthorizationMiddleware.Invoke(HttpContext context)
   at Microsoft.AspNetCore.Authentication.AuthenticationMiddleware.Invoke(HttpContext context)
   at FxRateHub.API.Middleware.ExceptionHandlingMiddleware.InvokeAsync(HttpContext context) in /media/mainul/Software/FxRateHub/src/FxRateHub.API/Middleware/ExceptionHandlingMiddleware.cs:line 26
2026-02-21 00:38:14.048 +06:00 [ERR] HTTP GET /api/v1/convert responded 500 in 754.8575 ms
2026-02-21 00:51:27.979 +06:00 [INF] Scheduler QuartzScheduler_$_NON_CLUSTERED shutting down.
2026-02-21 00:51:28.108 +06:00 [INF] Scheduler QuartzScheduler_$_NON_CLUSTERED paused.
2026-02-21 00:51:28.145 +06:00 [INF] Scheduler QuartzScheduler_$_NON_CLUSTERED Shutdown complete.
2026-02-21 00:51:59.396 +06:00 [INF] Applying database migrations...
2026-02-21 00:52:06.662 +06:00 [INF] Database migrations applied successfully.
2026-02-21 00:52:06.664 +06:00 [INF] Seeding database...
2026-02-21 00:52:07.881 +06:00 [INF] Admin user with email admin@fxratehub.com already exists
2026-02-21 00:52:08.237 +06:00 [INF] App setting with key SyncIntervalMinutes already exists
2026-02-21 00:52:08.508 +06:00 [INF] App setting with key DailyRequestLimit already exists
2026-02-21 00:52:08.814 +06:00 [INF] App setting with key MaintenanceMode already exists
2026-02-21 00:52:08.823 +06:00 [INF] Database seeding skipped - all records already exist
2026-02-21 00:52:08.827 +06:00 [INF] Database seeding completed.
2026-02-21 00:52:08.843 +06:00 [INF] FX Rate Hub API is starting...
2026-02-21 00:52:08.960 +06:00 [INF] Initialized Scheduler Signaller of type: Quartz.Core.SchedulerSignalerImpl
2026-02-21 00:52:08.964 +06:00 [INF] Quartz Scheduler created
2026-02-21 00:52:08.969 +06:00 [INF] JobFactory set to: Quartz.Simpl.MicrosoftDependencyInjectionJobFactory
2026-02-21 00:52:08.975 +06:00 [INF] RAMJobStore initialized.
2026-02-21 00:52:08.980 +06:00 [INF] Quartz Scheduler 3.8.1.0 - 'QuartzScheduler' with instanceId 'NON_CLUSTERED' initialized
2026-02-21 00:52:08.985 +06:00 [INF] Using thread pool 'Quartz.Simpl.DefaultThreadPool', size: 10
2026-02-21 00:52:08.989 +06:00 [INF] Using job store 'Quartz.Simpl.RAMJobStore', supports persistence: False, clustered: False
2026-02-21 00:52:09.029 +06:00 [INF] Adding 2 jobs, 2 triggers.
2026-02-21 00:52:09.037 +06:00 [INF] Adding job: DEFAULT.FxRateSyncJob
2026-02-21 00:52:09.087 +06:00 [INF] Adding job: DEFAULT.DailyResetJob
2026-02-21 00:52:09.318 +06:00 [INF] Scheduler QuartzScheduler_$_NON_CLUSTERED started.
2026-02-21 00:53:00.885 +06:00 [INF] HTTP GET /api-docs/index.html responded 200 in 432.4147 ms
2026-02-21 00:53:05.095 +06:00 [INF] HTTP GET /api-docs/v1/swagger.json responded 200 in 693.0154 ms
2026-02-21 00:53:14.759 +06:00 [WRN] Failed to determine the https port for redirect.
2026-02-21 00:53:15.285 +06:00 [INF] Processing request LoginCommand
2026-02-21 00:53:18.125 +06:00 [INF] Completed request LoginCommand in 2837ms
2026-02-21 00:53:18.192 +06:00 [INF] HTTP POST /api/Auth/login responded 200 in 3501.5892 ms
2026-02-21 00:53:55.011 +06:00 [INF] HTTP GET /api/v1/rates responded 200 in 1309.7083 ms
2026-02-21 00:54:14.845 +06:00 [INF] Processing request GetRateByCodeQuery
2026-02-21 00:54:15.414 +06:00 [ERR] Error processing request GetRateByCodeQuery: Exchange rate from 'USD' to 'EUR' not found
FxRateHub.Application.Common.Exceptions.NotFoundException: Exchange rate from 'USD' to 'EUR' not found
   at FxRateHub.Application.Features.ExchangeRates.Queries.GetRateByCodeQueryHandler.Handle(GetRateByCodeQuery request, CancellationToken cancellationToken) in /media/mainul/Software/FxRateHub/src/FxRateHub.Application/Features/ExchangeRates/Queries/GetRateByCodeQuery.cs:line 36
   at FxRateHub.Application.Common.Behaviors.LoggingBehavior`2.Handle(TRequest request, RequestHandlerDelegate`1 next, CancellationToken cancellationToken) in /media/mainul/Software/FxRateHub/src/FxRateHub.Application/Common/Behaviors/LoggingBehavior.cs:line 30
2026-02-21 00:54:15.513 +06:00 [INF] HTTP GET /api/v1/rates/EUR responded 404 in 834.7674 ms
2026-02-21 00:54:38.737 +06:00 [ERR] An unhandled exception occurred.
System.InvalidOperationException: Cannot convert from 'USD' to 'EUR': exchange rate not found
   at FxRateHub.Infrastructure.Services.ExchangeRateService.ConvertCurrencyAsync(String from, String to, Decimal amount) in /media/mainul/Software/FxRateHub/src/FxRateHub.Infrastructure/Services/ExchangeRateService.cs:line 173
   at FxRateHub.API.Controllers.V1.ExchangeRatesController.ConvertCurrency(String from, String to, Decimal amount) in /media/mainul/Software/FxRateHub/src/FxRateHub.API/Controllers/V1/ExchangeRatesController.cs:line 130
   at Microsoft.AspNetCore.Mvc.Infrastructure.ActionMethodExecutor.TaskOfIActionResultExecutor.Execute(ActionContext actionContext, IActionResultTypeMapper mapper, ObjectMethodExecutor executor, Object controller, Object[] arguments)
   at Microsoft.AspNetCore.Mvc.Infrastructure.ControllerActionInvoker.<InvokeActionMethodAsync>g__Awaited|12_0(ControllerActionInvoker invoker, ValueTask`1 actionResultValueTask)
   at Microsoft.AspNetCore.Mvc.Infrastructure.ControllerActionInvoker.<InvokeNextActionFilterAsync>g__Awaited|10_0(ControllerActionInvoker invoker, Task lastTask, State next, Scope scope, Object state, Boolean isCompleted)
   at Microsoft.AspNetCore.Mvc.Infrastructure.ControllerActionInvoker.Rethrow(ActionExecutedContextSealed context)
   at Microsoft.AspNetCore.Mvc.Infrastructure.ControllerActionInvoker.Next(State& next, Scope& scope, Object& state, Boolean& isCompleted)
   at Microsoft.AspNetCore.Mvc.Infrastructure.ControllerActionInvoker.<InvokeInnerFilterAsync>g__Awaited|13_0(ControllerActionInvoker invoker, Task lastTask, State next, Scope scope, Object state, Boolean isCompleted)
   at Microsoft.AspNetCore.Mvc.Infrastructure.ResourceInvoker.<InvokeFilterPipelineAsync>g__Awaited|20_0(ResourceInvoker invoker, Task lastTask, State next, Scope scope, Object state, Boolean isCompleted)
   at Microsoft.AspNetCore.Mvc.Infrastructure.ResourceInvoker.<InvokeAsync>g__Awaited|17_0(ResourceInvoker invoker, Task task, IDisposable scope)
   at Microsoft.AspNetCore.Mvc.Infrastructure.ResourceInvoker.<InvokeAsync>g__Awaited|17_0(ResourceInvoker invoker, Task task, IDisposable scope)
   at Microsoft.AspNetCore.Authorization.AuthorizationMiddleware.Invoke(HttpContext context)
   at Microsoft.AspNetCore.Authentication.AuthenticationMiddleware.Invoke(HttpContext context)
   at FxRateHub.API.Middleware.ExceptionHandlingMiddleware.InvokeAsync(HttpContext context) in /media/mainul/Software/FxRateHub/src/FxRateHub.API/Middleware/ExceptionHandlingMiddleware.cs:line 26
2026-02-21 00:54:38.859 +06:00 [ERR] HTTP GET /api/v1/convert responded 500 in 801.2567 ms
2026-02-21 00:55:10.907 +06:00 [INF] HTTP GET /api/public/rates responded 200 in 292.7922 ms
2026-02-21 00:55:30.468 +06:00 [ERR] An unhandled exception occurred.
System.InvalidOperationException: Cannot convert from 'EUR' to 'USD': exchange rate not found
   at FxRateHub.Infrastructure.Services.ExchangeRateService.ConvertCurrencyAsync(String from, String to, Decimal amount) in /media/mainul/Software/FxRateHub/src/FxRateHub.Infrastructure/Services/ExchangeRateService.cs:line 173
   at FxRateHub.API.Controllers.PublicController.Convert(String from, String to, Decimal amount) in /media/mainul/Software/FxRateHub/src/FxRateHub.API/Controllers/PublicController.cs:line 74
   at Microsoft.AspNetCore.Mvc.Infrastructure.ActionMethodExecutor.TaskOfIActionResultExecutor.Execute(ActionContext actionContext, IActionResultTypeMapper mapper, ObjectMethodExecutor executor, Object controller, Object[] arguments)
   at Microsoft.AspNetCore.Mvc.Infrastructure.ControllerActionInvoker.<InvokeActionMethodAsync>g__Awaited|12_0(ControllerActionInvoker invoker, ValueTask`1 actionResultValueTask)
   at Microsoft.AspNetCore.Mvc.Infrastructure.ControllerActionInvoker.<InvokeNextActionFilterAsync>g__Awaited|10_0(ControllerActionInvoker invoker, Task lastTask, State next, Scope scope, Object state, Boolean isCompleted)
   at Microsoft.AspNetCore.Mvc.Infrastructure.ControllerActionInvoker.Rethrow(ActionExecutedContextSealed context)
   at Microsoft.AspNetCore.Mvc.Infrastructure.ControllerActionInvoker.Next(State& next, Scope& scope, Object& state, Boolean& isCompleted)
   at Microsoft.AspNetCore.Mvc.Infrastructure.ControllerActionInvoker.<InvokeInnerFilterAsync>g__Awaited|13_0(ControllerActionInvoker invoker, Task lastTask, State next, Scope scope, Object state, Boolean isCompleted)
   at Microsoft.AspNetCore.Mvc.Infrastructure.ResourceInvoker.<InvokeFilterPipelineAsync>g__Awaited|20_0(ResourceInvoker invoker, Task lastTask, State next, Scope scope, Object state, Boolean isCompleted)
   at Microsoft.AspNetCore.Mvc.Infrastructure.ResourceInvoker.<InvokeAsync>g__Awaited|17_0(ResourceInvoker invoker, Task task, IDisposable scope)
   at Microsoft.AspNetCore.Mvc.Infrastructure.ResourceInvoker.<InvokeAsync>g__Awaited|17_0(ResourceInvoker invoker, Task task, IDisposable scope)
   at Microsoft.AspNetCore.Authorization.AuthorizationMiddleware.Invoke(HttpContext context)
   at Microsoft.AspNetCore.Authentication.AuthenticationMiddleware.Invoke(HttpContext context)
   at FxRateHub.API.Middleware.ExceptionHandlingMiddleware.InvokeAsync(HttpContext context) in /media/mainul/Software/FxRateHub/src/FxRateHub.API/Middleware/ExceptionHandlingMiddleware.cs:line 26
2026-02-21 00:55:30.507 +06:00 [ERR] HTTP GET /api/public/convert responded 500 in 616.3333 ms
2026-02-21 00:55:43.774 +06:00 [INF] HTTP GET /api/public/currencies responded 200 in 760.9521 ms
2026-02-21 00:55:56.113 +06:00 [INF] Processing request GetUserProfileQuery
2026-02-21 00:55:56.429 +06:00 [INF] Completed request GetUserProfileQuery in 312ms
2026-02-21 00:55:56.473 +06:00 [INF] HTTP GET /api/user/profile responded 200 in 402.5274 ms
2026-02-21 00:56:40.364 +06:00 [INF] Processing request GetUserDashboardQuery
2026-02-21 00:56:40.384 +06:00 [INF] Processing request GetUserProfileQuery
2026-02-21 00:56:40.671 +06:00 [INF] Completed request GetUserProfileQuery in 277ms
2026-02-21 00:56:40.683 +06:00 [INF] Processing request GetApiKeyQuery
2026-02-21 00:56:42.059 +06:00 [INF] Completed request GetApiKeyQuery in 1371ms
2026-02-21 00:56:42.071 +06:00 [INF] Processing request GetApiKeyUsageQuery
2026-02-21 00:56:43.520 +06:00 [INF] Completed request GetApiKeyUsageQuery in 1445ms
2026-02-21 00:56:43.817 +06:00 [INF] Completed request GetUserDashboardQuery in 3448ms
2026-02-21 00:56:43.938 +06:00 [INF] HTTP GET /api/user/dashboard responded 200 in 3612.3398 ms
2026-02-21 00:57:06.863 +06:00 [INF] HTTP GET /api-docs/index.html responded 200 in 25.4125 ms
2026-02-21 00:57:09.707 +06:00 [INF] HTTP GET /api-docs/v1/swagger.json responded 200 in 216.6427 ms
2026-02-21 01:00:00.516 +06:00 [INF] FxRateSyncJob started at "2026-02-20T19:00:00.4829445Z"
2026-02-21 01:00:00.640 +06:00 [INF] Processing request SyncExchangeRatesCommand
2026-02-21 01:00:00.724 +06:00 [ERR] Error processing request SyncExchangeRatesCommand: A suitable constructor for type 'FxRateHub.Infrastructure.ExternalServices.CurrencyFreaksService' could not be located. Ensure the type is concrete and all parameters of a public constructor are either registered as services or passed as arguments. Also ensure no extraneous arguments are provided.
System.InvalidOperationException: A suitable constructor for type 'FxRateHub.Infrastructure.ExternalServices.CurrencyFreaksService' could not be located. Ensure the type is concrete and all parameters of a public constructor are either registered as services or passed as arguments. Also ensure no extraneous arguments are provided.
   at Microsoft.Extensions.DependencyInjection.ActivatorUtilities.FindApplicableConstructor(Type instanceType, Type[] argumentTypes, ConstructorInfo& matchingConstructor, Nullable`1[]& matchingParameterMap)
   at Microsoft.Extensions.DependencyInjection.ActivatorUtilities.CreateFactoryInternal(Type instanceType, Type[] argumentTypes, ParameterExpression& provider, ParameterExpression& argumentArray, Expression& factoryExpressionBody)
   at Microsoft.Extensions.DependencyInjection.ActivatorUtilities.CreateFactory(Type instanceType, Type[] argumentTypes)
   at System.Threading.LazyInitializer.EnsureInitializedCore[T](T& target, Boolean& initialized, Object& syncLock, Func`1 valueFactory)
   at Microsoft.Extensions.Http.DefaultTypedHttpClientFactory`1.CreateClient(HttpClient httpClient)
   at Microsoft.Extensions.DependencyInjection.HttpClientBuilderExtensions.AddTransientHelper[TClient,TImplementation](IServiceProvider s, IHttpClientBuilder builder)
   at Microsoft.Extensions.DependencyInjection.ServiceLookup.CallSiteVisitor`2.VisitCallSiteMain(ServiceCallSite callSite, TArgument argument)
   at Microsoft.Extensions.DependencyInjection.ServiceLookup.CallSiteVisitor`2.VisitCallSite(ServiceCallSite callSite, TArgument argument)
   at Microsoft.Extensions.DependencyInjection.ServiceLookup.CallSiteVisitor`2.VisitCallSiteMain(ServiceCallSite callSite, TArgument argument)
   at Microsoft.Extensions.DependencyInjection.ServiceLookup.CallSiteVisitor`2.VisitCallSite(ServiceCallSite callSite, TArgument argument)
   at Microsoft.Extensions.DependencyInjection.ServiceLookup.CallSiteRuntimeResolver.Resolve(ServiceCallSite callSite, ServiceProviderEngineScope scope)
   at Microsoft.Extensions.DependencyInjection.ServiceLookup.DynamicServiceProviderEngine.<>c__DisplayClass2_0.<RealizeService>b__0(ServiceProviderEngineScope scope)
   at Microsoft.Extensions.DependencyInjection.ServiceProviderServiceExtensions.GetRequiredService(IServiceProvider provider, Type serviceType)
   at Microsoft.Extensions.DependencyInjection.ServiceProviderServiceExtensions.GetRequiredService[T](IServiceProvider provider)
   at MediatR.Wrappers.RequestHandlerWrapperImpl`2.<>c__DisplayClass1_0.<Handle>g__Handler|0()
   at FxRateHub.Application.Common.Behaviors.LoggingBehavior`2.Handle(TRequest request, RequestHandlerDelegate`1 next, CancellationToken cancellationToken) in /media/mainul/Software/FxRateHub/src/FxRateHub.Application/Common/Behaviors/LoggingBehavior.cs:line 30
2026-02-21 01:00:00.950 +06:00 [ERR] FxRateSyncJob encountered an error
System.InvalidOperationException: A suitable constructor for type 'FxRateHub.Infrastructure.ExternalServices.CurrencyFreaksService' could not be located. Ensure the type is concrete and all parameters of a public constructor are either registered as services or passed as arguments. Also ensure no extraneous arguments are provided.
   at Microsoft.Extensions.DependencyInjection.ActivatorUtilities.FindApplicableConstructor(Type instanceType, Type[] argumentTypes, ConstructorInfo& matchingConstructor, Nullable`1[]& matchingParameterMap)
   at Microsoft.Extensions.DependencyInjection.ActivatorUtilities.CreateFactoryInternal(Type instanceType, Type[] argumentTypes, ParameterExpression& provider, ParameterExpression& argumentArray, Expression& factoryExpressionBody)
   at Microsoft.Extensions.DependencyInjection.ActivatorUtilities.CreateFactory(Type instanceType, Type[] argumentTypes)
   at System.Threading.LazyInitializer.EnsureInitializedCore[T](T& target, Boolean& initialized, Object& syncLock, Func`1 valueFactory)
   at Microsoft.Extensions.Http.DefaultTypedHttpClientFactory`1.CreateClient(HttpClient httpClient)
   at Microsoft.Extensions.DependencyInjection.HttpClientBuilderExtensions.AddTransientHelper[TClient,TImplementation](IServiceProvider s, IHttpClientBuilder builder)
   at Microsoft.Extensions.DependencyInjection.ServiceLookup.CallSiteVisitor`2.VisitCallSiteMain(ServiceCallSite callSite, TArgument argument)
   at Microsoft.Extensions.DependencyInjection.ServiceLookup.CallSiteVisitor`2.VisitCallSite(ServiceCallSite callSite, TArgument argument)
   at Microsoft.Extensions.DependencyInjection.ServiceLookup.CallSiteVisitor`2.VisitCallSiteMain(ServiceCallSite callSite, TArgument argument)
   at Microsoft.Extensions.DependencyInjection.ServiceLookup.CallSiteVisitor`2.VisitCallSite(ServiceCallSite callSite, TArgument argument)
   at Microsoft.Extensions.DependencyInjection.ServiceLookup.CallSiteRuntimeResolver.Resolve(ServiceCallSite callSite, ServiceProviderEngineScope scope)
   at Microsoft.Extensions.DependencyInjection.ServiceLookup.DynamicServiceProviderEngine.<>c__DisplayClass2_0.<RealizeService>b__0(ServiceProviderEngineScope scope)
   at Microsoft.Extensions.DependencyInjection.ServiceProviderServiceExtensions.GetRequiredService(IServiceProvider provider, Type serviceType)
   at Microsoft.Extensions.DependencyInjection.ServiceProviderServiceExtensions.GetRequiredService[T](IServiceProvider provider)
   at MediatR.Wrappers.RequestHandlerWrapperImpl`2.<>c__DisplayClass1_0.<Handle>g__Handler|0()
   at FxRateHub.Application.Common.Behaviors.LoggingBehavior`2.Handle(TRequest request, RequestHandlerDelegate`1 next, CancellationToken cancellationToken) in /media/mainul/Software/FxRateHub/src/FxRateHub.Application/Common/Behaviors/LoggingBehavior.cs:line 30
   at FxRateHub.Application.Common.Behaviors.ValidationBehavior`2.Handle(TRequest request, RequestHandlerDelegate`1 next, CancellationToken cancellationToken) in /media/mainul/Software/FxRateHub/src/FxRateHub.Application/Common/Behaviors/ValidationBehavior.cs:line 24
   at FxRateHub.Infrastructure.BackgroundJobs.FxRateSyncJob.Execute(IJobExecutionContext context) in /media/mainul/Software/FxRateHub/src/FxRateHub.Infrastructure/BackgroundJobs/FxRateSyncJob.cs:line 33
2026-02-21 01:00:00.970 +06:00 [ERR] Job DEFAULT.FxRateSyncJob threw an unhandled Exception: 
System.InvalidOperationException: A suitable constructor for type 'FxRateHub.Infrastructure.ExternalServices.CurrencyFreaksService' could not be located. Ensure the type is concrete and all parameters of a public constructor are either registered as services or passed as arguments. Also ensure no extraneous arguments are provided.
   at Microsoft.Extensions.DependencyInjection.ActivatorUtilities.FindApplicableConstructor(Type instanceType, Type[] argumentTypes, ConstructorInfo& matchingConstructor, Nullable`1[]& matchingParameterMap)
   at Microsoft.Extensions.DependencyInjection.ActivatorUtilities.CreateFactoryInternal(Type instanceType, Type[] argumentTypes, ParameterExpression& provider, ParameterExpression& argumentArray, Expression& factoryExpressionBody)
   at Microsoft.Extensions.DependencyInjection.ActivatorUtilities.CreateFactory(Type instanceType, Type[] argumentTypes)
   at System.Threading.LazyInitializer.EnsureInitializedCore[T](T& target, Boolean& initialized, Object& syncLock, Func`1 valueFactory)
   at Microsoft.Extensions.Http.DefaultTypedHttpClientFactory`1.CreateClient(HttpClient httpClient)
   at Microsoft.Extensions.DependencyInjection.HttpClientBuilderExtensions.AddTransientHelper[TClient,TImplementation](IServiceProvider s, IHttpClientBuilder builder)
   at Microsoft.Extensions.DependencyInjection.ServiceLookup.CallSiteVisitor`2.VisitCallSiteMain(ServiceCallSite callSite, TArgument argument)
   at Microsoft.Extensions.DependencyInjection.ServiceLookup.CallSiteVisitor`2.VisitCallSite(ServiceCallSite callSite, TArgument argument)
   at Microsoft.Extensions.DependencyInjection.ServiceLookup.CallSiteVisitor`2.VisitCallSiteMain(ServiceCallSite callSite, TArgument argument)
   at Microsoft.Extensions.DependencyInjection.ServiceLookup.CallSiteVisitor`2.VisitCallSite(ServiceCallSite callSite, TArgument argument)
   at Microsoft.Extensions.DependencyInjection.ServiceLookup.CallSiteRuntimeResolver.Resolve(ServiceCallSite callSite, ServiceProviderEngineScope scope)
   at Microsoft.Extensions.DependencyInjection.ServiceLookup.DynamicServiceProviderEngine.<>c__DisplayClass2_0.<RealizeService>b__0(ServiceProviderEngineScope scope)
   at Microsoft.Extensions.DependencyInjection.ServiceProviderServiceExtensions.GetRequiredService(IServiceProvider provider, Type serviceType)
   at Microsoft.Extensions.DependencyInjection.ServiceProviderServiceExtensions.GetRequiredService[T](IServiceProvider provider)
   at MediatR.Wrappers.RequestHandlerWrapperImpl`2.<>c__DisplayClass1_0.<Handle>g__Handler|0()
   at FxRateHub.Application.Common.Behaviors.LoggingBehavior`2.Handle(TRequest request, RequestHandlerDelegate`1 next, CancellationToken cancellationToken) in /media/mainul/Software/FxRateHub/src/FxRateHub.Application/Common/Behaviors/LoggingBehavior.cs:line 30
   at FxRateHub.Application.Common.Behaviors.ValidationBehavior`2.Handle(TRequest request, RequestHandlerDelegate`1 next, CancellationToken cancellationToken) in /media/mainul/Software/FxRateHub/src/FxRateHub.Application/Common/Behaviors/ValidationBehavior.cs:line 24
   at FxRateHub.Infrastructure.BackgroundJobs.FxRateSyncJob.Execute(IJobExecutionContext context) in /media/mainul/Software/FxRateHub/src/FxRateHub.Infrastructure/BackgroundJobs/FxRateSyncJob.cs:line 33
   at Quartz.Core.JobRunShell.Run(CancellationToken cancellationToken)
2026-02-21 01:00:00.984 +06:00 [ERR] Job DEFAULT.FxRateSyncJob threw an exception.
Quartz.SchedulerException: Job threw an unhandled exception.
 ---> System.InvalidOperationException: A suitable constructor for type 'FxRateHub.Infrastructure.ExternalServices.CurrencyFreaksService' could not be located. Ensure the type is concrete and all parameters of a public constructor are either registered as services or passed as arguments. Also ensure no extraneous arguments are provided.
   at Microsoft.Extensions.DependencyInjection.ActivatorUtilities.FindApplicableConstructor(Type instanceType, Type[] argumentTypes, ConstructorInfo& matchingConstructor, Nullable`1[]& matchingParameterMap)
   at Microsoft.Extensions.DependencyInjection.ActivatorUtilities.CreateFactoryInternal(Type instanceType, Type[] argumentTypes, ParameterExpression& provider, ParameterExpression& argumentArray, Expression& factoryExpressionBody)
   at Microsoft.Extensions.DependencyInjection.ActivatorUtilities.CreateFactory(Type instanceType, Type[] argumentTypes)
   at System.Threading.LazyInitializer.EnsureInitializedCore[T](T& target, Boolean& initialized, Object& syncLock, Func`1 valueFactory)
   at Microsoft.Extensions.Http.DefaultTypedHttpClientFactory`1.CreateClient(HttpClient httpClient)
   at Microsoft.Extensions.DependencyInjection.HttpClientBuilderExtensions.AddTransientHelper[TClient,TImplementation](IServiceProvider s, IHttpClientBuilder builder)
   at Microsoft.Extensions.DependencyInjection.ServiceLookup.CallSiteVisitor`2.VisitCallSiteMain(ServiceCallSite callSite, TArgument argument)
   at Microsoft.Extensions.DependencyInjection.ServiceLookup.CallSiteVisitor`2.VisitCallSite(ServiceCallSite callSite, TArgument argument)
   at Microsoft.Extensions.DependencyInjection.ServiceLookup.CallSiteVisitor`2.VisitCallSiteMain(ServiceCallSite callSite, TArgument argument)
   at Microsoft.Extensions.DependencyInjection.ServiceLookup.CallSiteVisitor`2.VisitCallSite(ServiceCallSite callSite, TArgument argument)
   at Microsoft.Extensions.DependencyInjection.ServiceLookup.CallSiteRuntimeResolver.Resolve(ServiceCallSite callSite, ServiceProviderEngineScope scope)
   at Microsoft.Extensions.DependencyInjection.ServiceLookup.DynamicServiceProviderEngine.<>c__DisplayClass2_0.<RealizeService>b__0(ServiceProviderEngineScope scope)
   at Microsoft.Extensions.DependencyInjection.ServiceProviderServiceExtensions.GetRequiredService(IServiceProvider provider, Type serviceType)
   at Microsoft.Extensions.DependencyInjection.ServiceProviderServiceExtensions.GetRequiredService[T](IServiceProvider provider)
   at MediatR.Wrappers.RequestHandlerWrapperImpl`2.<>c__DisplayClass1_0.<Handle>g__Handler|0()
   at FxRateHub.Application.Common.Behaviors.LoggingBehavior`2.Handle(TRequest request, RequestHandlerDelegate`1 next, CancellationToken cancellationToken) in /media/mainul/Software/FxRateHub/src/FxRateHub.Application/Common/Behaviors/LoggingBehavior.cs:line 30
   at FxRateHub.Application.Common.Behaviors.ValidationBehavior`2.Handle(TRequest request, RequestHandlerDelegate`1 next, CancellationToken cancellationToken) in /media/mainul/Software/FxRateHub/src/FxRateHub.Application/Common/Behaviors/ValidationBehavior.cs:line 24
   at FxRateHub.Infrastructure.BackgroundJobs.FxRateSyncJob.Execute(IJobExecutionContext context) in /media/mainul/Software/FxRateHub/src/FxRateHub.Infrastructure/BackgroundJobs/FxRateSyncJob.cs:line 33
   at Quartz.Core.JobRunShell.Run(CancellationToken cancellationToken)
   --- End of inner exception stack trace --- [See nested exception: System.InvalidOperationException: A suitable constructor for type 'FxRateHub.Infrastructure.ExternalServices.CurrencyFreaksService' could not be located. Ensure the type is concrete and all parameters of a public constructor are either registered as services or passed as arguments. Also ensure no extraneous arguments are provided.
   at Microsoft.Extensions.DependencyInjection.ActivatorUtilities.FindApplicableConstructor(Type instanceType, Type[] argumentTypes, ConstructorInfo& matchingConstructor, Nullable`1[]& matchingParameterMap)
   at Microsoft.Extensions.DependencyInjection.ActivatorUtilities.CreateFactoryInternal(Type instanceType, Type[] argumentTypes, ParameterExpression& provider, ParameterExpression& argumentArray, Expression& factoryExpressionBody)
   at Microsoft.Extensions.DependencyInjection.ActivatorUtilities.CreateFactory(Type instanceType, Type[] argumentTypes)
   at System.Threading.LazyInitializer.EnsureInitializedCore[T](T& target, Boolean& initialized, Object& syncLock, Func`1 valueFactory)
   at Microsoft.Extensions.Http.DefaultTypedHttpClientFactory`1.CreateClient(HttpClient httpClient)
   at Microsoft.Extensions.DependencyInjection.HttpClientBuilderExtensions.AddTransientHelper[TClient,TImplementation](IServiceProvider s, IHttpClientBuilder builder)
   at Microsoft.Extensions.DependencyInjection.ServiceLookup.CallSiteVisitor`2.VisitCallSiteMain(ServiceCallSite callSite, TArgument argument)
   at Microsoft.Extensions.DependencyInjection.ServiceLookup.CallSiteVisitor`2.VisitCallSite(ServiceCallSite callSite, TArgument argument)
   at Microsoft.Extensions.DependencyInjection.ServiceLookup.CallSiteVisitor`2.VisitCallSiteMain(ServiceCallSite callSite, TArgument argument)
   at Microsoft.Extensions.DependencyInjection.ServiceLookup.CallSiteVisitor`2.VisitCallSite(ServiceCallSite callSite, TArgument argument)
   at Microsoft.Extensions.DependencyInjection.ServiceLookup.CallSiteRuntimeResolver.Resolve(ServiceCallSite callSite, ServiceProviderEngineScope scope)
   at Microsoft.Extensions.DependencyInjection.ServiceLookup.DynamicServiceProviderEngine.<>c__DisplayClass2_0.<RealizeService>b__0(ServiceProviderEngineScope scope)
   at Microsoft.Extensions.DependencyInjection.ServiceProviderServiceExtensions.GetRequiredService(IServiceProvider provider, Type serviceType)
   at Microsoft.Extensions.DependencyInjection.ServiceProviderServiceExtensions.GetRequiredService[T](IServiceProvider provider)
   at MediatR.Wrappers.RequestHandlerWrapperImpl`2.<>c__DisplayClass1_0.<Handle>g__Handler|0()
   at FxRateHub.Application.Common.Behaviors.LoggingBehavior`2.Handle(TRequest request, RequestHandlerDelegate`1 next, CancellationToken cancellationToken) in /media/mainul/Software/FxRateHub/src/FxRateHub.Application/Common/Behaviors/LoggingBehavior.cs:line 30
   at FxRateHub.Application.Common.Behaviors.ValidationBehavior`2.Handle(TRequest request, RequestHandlerDelegate`1 next, CancellationToken cancellationToken) in /media/mainul/Software/FxRateHub/src/FxRateHub.Application/Common/Behaviors/ValidationBehavior.cs:line 24
   at FxRateHub.Infrastructure.BackgroundJobs.FxRateSyncJob.Execute(IJobExecutionContext context) in /media/mainul/Software/FxRateHub/src/FxRateHub.Infrastructure/BackgroundJobs/FxRateSyncJob.cs:line 33
   at Quartz.Core.JobRunShell.Run(CancellationToken cancellationToken)]
2026-02-21 01:35:42.293 +06:00 [INF] Applying database migrations...
2026-02-21 01:35:49.318 +06:00 [INF] Database migrations applied successfully.
2026-02-21 01:35:49.321 +06:00 [INF] Seeding database...
2026-02-21 01:35:50.157 +06:00 [INF] Admin user with email admin@fxratehub.com already exists
2026-02-21 01:35:50.529 +06:00 [INF] App setting with key SyncIntervalMinutes already exists
2026-02-21 01:35:50.800 +06:00 [INF] App setting with key DailyRequestLimit already exists
2026-02-21 01:35:51.060 +06:00 [INF] App setting with key MaintenanceMode already exists
2026-02-21 01:35:51.069 +06:00 [INF] Database seeding skipped - all records already exist
2026-02-21 01:35:51.072 +06:00 [INF] Database seeding completed.
2026-02-21 01:35:51.074 +06:00 [INF] Performing initial exchange rate sync...
2026-02-21 01:35:51.442 +06:00 [INF] No exchange rates found in database. Performing initial sync from CurrencyFreaks API...
2026-02-21 01:35:51.448 +06:00 [INF] Fetching latest exchange rates from CurrencyFreaks for base currency: USD
2026-02-21 01:35:51.475 +06:00 [INF] Start processing HTTP request GET https://api.currencyfreaks.com/v2.0/rates/latest?apikey=464a3f27f4e44fbaae4d57044ec364e9&base=USD
2026-02-21 01:35:51.482 +06:00 [INF] Sending HTTP request GET https://api.currencyfreaks.com/v2.0/rates/latest?apikey=464a3f27f4e44fbaae4d57044ec364e9&base=USD
2026-02-21 01:35:52.373 +06:00 [INF] Received HTTP response headers after 884.3112ms - 200
2026-02-21 01:35:52.395 +06:00 [INF] End processing HTTP request after 937.4731ms - 200
2026-02-21 01:35:52.446 +06:00 [ERR] Failed to deserialize CurrencyFreaks response or rates are null
2026-02-21 01:35:52.448 +06:00 [ERR] Error occurred while fetching exchange rates from CurrencyFreaks
System.InvalidOperationException: Invalid response from CurrencyFreaks API
   at FxRateHub.Infrastructure.ExternalServices.CurrencyFreaksService.GetLatestRatesAsync(String baseCurrency, CancellationToken cancellationToken) in /media/mainul/Software/FxRateHub/src/FxRateHub.Infrastructure/ExternalServices/CurrencyFreaksService.cs:line 64
2026-02-21 01:35:52.507 +06:00 [ERR] Error occurred during initial exchange rate sync from CurrencyFreaks API
System.InvalidOperationException: Invalid response from CurrencyFreaks API
   at FxRateHub.Infrastructure.ExternalServices.CurrencyFreaksService.GetLatestRatesAsync(String baseCurrency, CancellationToken cancellationToken) in /media/mainul/Software/FxRateHub/src/FxRateHub.Infrastructure/ExternalServices/CurrencyFreaksService.cs:line 64
   at FxRateHub.Infrastructure.Persistence.DatabaseSeeder.SeedExchangeRatesAsync(ApplicationDbContext context, IFxRateProvider fxRateProvider, ILogger logger) in /media/mainul/Software/FxRateHub/src/FxRateHub.Infrastructure/Persistence/DatabaseSeeder.cs:line 92
2026-02-21 01:35:52.517 +06:00 [INF] Initial exchange rate sync completed.
2026-02-21 01:35:52.531 +06:00 [INF] FX Rate Hub API is starting...
2026-02-21 01:35:52.629 +06:00 [INF] Initialized Scheduler Signaller of type: Quartz.Core.SchedulerSignalerImpl
2026-02-21 01:35:52.634 +06:00 [INF] Quartz Scheduler created
2026-02-21 01:35:52.638 +06:00 [INF] JobFactory set to: Quartz.Simpl.MicrosoftDependencyInjectionJobFactory
2026-02-21 01:35:52.642 +06:00 [INF] RAMJobStore initialized.
2026-02-21 01:35:52.644 +06:00 [INF] Quartz Scheduler 3.8.1.0 - 'QuartzScheduler' with instanceId 'NON_CLUSTERED' initialized
2026-02-21 01:35:52.647 +06:00 [INF] Using thread pool 'Quartz.Simpl.DefaultThreadPool', size: 10
2026-02-21 01:35:52.649 +06:00 [INF] Using job store 'Quartz.Simpl.RAMJobStore', supports persistence: False, clustered: False
2026-02-21 01:35:52.685 +06:00 [INF] Adding 2 jobs, 2 triggers.
2026-02-21 01:35:52.690 +06:00 [INF] Adding job: DEFAULT.FxRateSyncJob
2026-02-21 01:35:52.738 +06:00 [INF] Adding job: DEFAULT.DailyResetJob
2026-02-21 01:35:52.943 +06:00 [INF] Scheduler QuartzScheduler_$_NON_CLUSTERED started.
2026-02-21 01:40:55.083 +06:00 [INF] Scheduler QuartzScheduler_$_NON_CLUSTERED shutting down.
2026-02-21 01:40:55.146 +06:00 [INF] Scheduler QuartzScheduler_$_NON_CLUSTERED paused.
2026-02-21 01:40:55.215 +06:00 [INF] Scheduler QuartzScheduler_$_NON_CLUSTERED Shutdown complete.
2026-02-21 01:41:38.000 +06:00 [INF] Applying database migrations...
2026-02-21 01:41:45.381 +06:00 [INF] Database migrations applied successfully.
2026-02-21 01:41:45.384 +06:00 [INF] Seeding database...
2026-02-21 01:41:46.533 +06:00 [INF] Admin user with email admin@fxratehub.com already exists
2026-02-21 01:41:47.269 +06:00 [INF] App setting with key SyncIntervalMinutes already exists
2026-02-21 01:41:47.549 +06:00 [INF] App setting with key DailyRequestLimit already exists
2026-02-21 01:41:47.798 +06:00 [INF] App setting with key MaintenanceMode already exists
2026-02-21 01:41:47.808 +06:00 [INF] Database seeding skipped - all records already exist
2026-02-21 01:41:47.812 +06:00 [INF] Database seeding completed.
2026-02-21 01:41:47.815 +06:00 [INF] Performing initial exchange rate sync...
2026-02-21 01:41:48.671 +06:00 [INF] No exchange rates found in database. Performing initial sync from CurrencyFreaks API...
2026-02-21 01:41:48.682 +06:00 [INF] Fetching latest exchange rates from CurrencyFreaks for base currency: USD
2026-02-21 01:41:48.713 +06:00 [INF] Start processing HTTP request GET https://api.currencyfreaks.com/v2.0/rates/latest?apikey=464a3f27f4e44fbaae4d57044ec364e9&base=USD
2026-02-21 01:41:48.728 +06:00 [INF] Sending HTTP request GET https://api.currencyfreaks.com/v2.0/rates/latest?apikey=464a3f27f4e44fbaae4d57044ec364e9&base=USD
2026-02-21 01:41:49.636 +06:00 [INF] Received HTTP response headers after 896.1167ms - 200
2026-02-21 01:41:49.659 +06:00 [INF] End processing HTTP request after 966.9649ms - 200
2026-02-21 01:41:49.744 +06:00 [INF] Successfully retrieved 1014 exchange rates from CurrencyFreaks
2026-02-21 01:41:51.748 +06:00 [ERR] An exception occurred in the database while saving changes for context type 'FxRateHub.Infrastructure.Persistence.ApplicationDbContext'.
Microsoft.EntityFrameworkCore.DbUpdateException: An error occurred while saving the entity changes. See the inner exception for details.
 ---> Microsoft.Data.SqlClient.SqlException (0x80131904): String or binary data would be truncated in table 'fxrately_db.dbo.ExchangeRates', column 'TargetCurrency'. Truncated value: 'AGL'.
   at Microsoft.Data.SqlClient.SqlConnection.OnError(SqlException exception, Boolean breakConnection, Action`1 wrapCloseInAction)
   at Microsoft.Data.SqlClient.SqlInternalConnection.OnError(SqlException exception, Boolean breakConnection, Action`1 wrapCloseInAction)
   at Microsoft.Data.SqlClient.TdsParser.ThrowExceptionAndWarning(TdsParserStateObject stateObj, Boolean callerHasConnectionLock, Boolean asyncClose)
   at Microsoft.Data.SqlClient.TdsParser.TryRun(RunBehavior runBehavior, SqlCommand cmdHandler, SqlDataReader dataStream, BulkCopySimpleResultSet bulkCopyHandler, TdsParserStateObject stateObj, Boolean& dataReady)
   at Microsoft.Data.SqlClient.SqlDataReader.TryHasMoreRows(Boolean& moreRows)
   at Microsoft.Data.SqlClient.SqlDataReader.TryReadInternal(Boolean setTimeout, Boolean& more)
   at Microsoft.Data.SqlClient.SqlDataReader.ReadAsyncExecute(Task task, Object state)
   at Microsoft.Data.SqlClient.SqlDataReader.InvokeAsyncCall[T](SqlDataReaderBaseAsyncCallContext`1 context)
--- End of stack trace from previous location ---
   at Microsoft.EntityFrameworkCore.Update.AffectedCountModificationCommandBatch.ConsumeResultSetAsync(Int32 startCommandIndex, RelationalDataReader reader, CancellationToken cancellationToken)
ClientConnectionId:0ee3707f-24ca-4537-9d11-5a871314ea6a
Error Number:2628,State:1,Class:16
   --- End of inner exception stack trace ---
   at Microsoft.EntityFrameworkCore.Update.AffectedCountModificationCommandBatch.ConsumeResultSetAsync(Int32 startCommandIndex, RelationalDataReader reader, CancellationToken cancellationToken)
   at Microsoft.EntityFrameworkCore.Update.AffectedCountModificationCommandBatch.ConsumeAsync(RelationalDataReader reader, CancellationToken cancellationToken)
   at Microsoft.EntityFrameworkCore.Update.ReaderModificationCommandBatch.ExecuteAsync(IRelationalConnection connection, CancellationToken cancellationToken)
   at Microsoft.EntityFrameworkCore.Update.ReaderModificationCommandBatch.ExecuteAsync(IRelationalConnection connection, CancellationToken cancellationToken)
   at Microsoft.EntityFrameworkCore.SqlServer.Update.Internal.SqlServerModificationCommandBatch.ExecuteAsync(IRelationalConnection connection, CancellationToken cancellationToken)
   at Microsoft.EntityFrameworkCore.Update.Internal.BatchExecutor.ExecuteAsync(IEnumerable`1 commandBatches, IRelationalConnection connection, CancellationToken cancellationToken)
   at Microsoft.EntityFrameworkCore.Update.Internal.BatchExecutor.ExecuteAsync(IEnumerable`1 commandBatches, IRelationalConnection connection, CancellationToken cancellationToken)
   at Microsoft.EntityFrameworkCore.Update.Internal.BatchExecutor.ExecuteAsync(IEnumerable`1 commandBatches, IRelationalConnection connection, CancellationToken cancellationToken)
   at Microsoft.EntityFrameworkCore.ChangeTracking.Internal.StateManager.SaveChangesAsync(IList`1 entriesToSave, CancellationToken cancellationToken)
   at Microsoft.EntityFrameworkCore.ChangeTracking.Internal.StateManager.SaveChangesAsync(StateManager stateManager, Boolean acceptAllChangesOnSuccess, CancellationToken cancellationToken)
   at Microsoft.EntityFrameworkCore.SqlServer.Storage.Internal.SqlServerExecutionStrategy.ExecuteAsync[TState,TResult](TState state, Func`4 operation, Func`4 verifySucceeded, CancellationToken cancellationToken)
   at Microsoft.EntityFrameworkCore.DbContext.SaveChangesAsync(Boolean acceptAllChangesOnSuccess, CancellationToken cancellationToken)
Microsoft.EntityFrameworkCore.DbUpdateException: An error occurred while saving the entity changes. See the inner exception for details.
 ---> Microsoft.Data.SqlClient.SqlException (0x80131904): String or binary data would be truncated in table 'fxrately_db.dbo.ExchangeRates', column 'TargetCurrency'. Truncated value: 'AGL'.
   at Microsoft.Data.SqlClient.SqlConnection.OnError(SqlException exception, Boolean breakConnection, Action`1 wrapCloseInAction)
   at Microsoft.Data.SqlClient.SqlInternalConnection.OnError(SqlException exception, Boolean breakConnection, Action`1 wrapCloseInAction)
   at Microsoft.Data.SqlClient.TdsParser.ThrowExceptionAndWarning(TdsParserStateObject stateObj, Boolean callerHasConnectionLock, Boolean asyncClose)
   at Microsoft.Data.SqlClient.TdsParser.TryRun(RunBehavior runBehavior, SqlCommand cmdHandler, SqlDataReader dataStream, BulkCopySimpleResultSet bulkCopyHandler, TdsParserStateObject stateObj, Boolean& dataReady)
   at Microsoft.Data.SqlClient.SqlDataReader.TryHasMoreRows(Boolean& moreRows)
   at Microsoft.Data.SqlClient.SqlDataReader.TryReadInternal(Boolean setTimeout, Boolean& more)
   at Microsoft.Data.SqlClient.SqlDataReader.ReadAsyncExecute(Task task, Object state)
   at Microsoft.Data.SqlClient.SqlDataReader.InvokeAsyncCall[T](SqlDataReaderBaseAsyncCallContext`1 context)
--- End of stack trace from previous location ---
   at Microsoft.EntityFrameworkCore.Update.AffectedCountModificationCommandBatch.ConsumeResultSetAsync(Int32 startCommandIndex, RelationalDataReader reader, CancellationToken cancellationToken)
ClientConnectionId:0ee3707f-24ca-4537-9d11-5a871314ea6a
Error Number:2628,State:1,Class:16
   --- End of inner exception stack trace ---
   at Microsoft.EntityFrameworkCore.Update.AffectedCountModificationCommandBatch.ConsumeResultSetAsync(Int32 startCommandIndex, RelationalDataReader reader, CancellationToken cancellationToken)
   at Microsoft.EntityFrameworkCore.Update.AffectedCountModificationCommandBatch.ConsumeAsync(RelationalDataReader reader, CancellationToken cancellationToken)
   at Microsoft.EntityFrameworkCore.Update.ReaderModificationCommandBatch.ExecuteAsync(IRelationalConnection connection, CancellationToken cancellationToken)
   at Microsoft.EntityFrameworkCore.Update.ReaderModificationCommandBatch.ExecuteAsync(IRelationalConnection connection, CancellationToken cancellationToken)
   at Microsoft.EntityFrameworkCore.SqlServer.Update.Internal.SqlServerModificationCommandBatch.ExecuteAsync(IRelationalConnection connection, CancellationToken cancellationToken)
   at Microsoft.EntityFrameworkCore.Update.Internal.BatchExecutor.ExecuteAsync(IEnumerable`1 commandBatches, IRelationalConnection connection, CancellationToken cancellationToken)
   at Microsoft.EntityFrameworkCore.Update.Internal.BatchExecutor.ExecuteAsync(IEnumerable`1 commandBatches, IRelationalConnection connection, CancellationToken cancellationToken)
   at Microsoft.EntityFrameworkCore.Update.Internal.BatchExecutor.ExecuteAsync(IEnumerable`1 commandBatches, IRelationalConnection connection, CancellationToken cancellationToken)
   at Microsoft.EntityFrameworkCore.ChangeTracking.Internal.StateManager.SaveChangesAsync(IList`1 entriesToSave, CancellationToken cancellationToken)
   at Microsoft.EntityFrameworkCore.ChangeTracking.Internal.StateManager.SaveChangesAsync(StateManager stateManager, Boolean acceptAllChangesOnSuccess, CancellationToken cancellationToken)
   at Microsoft.EntityFrameworkCore.SqlServer.Storage.Internal.SqlServerExecutionStrategy.ExecuteAsync[TState,TResult](TState state, Func`4 operation, Func`4 verifySucceeded, CancellationToken cancellationToken)
   at Microsoft.EntityFrameworkCore.DbContext.SaveChangesAsync(Boolean acceptAllChangesOnSuccess, CancellationToken cancellationToken)
2026-02-21 01:41:51.809 +06:00 [ERR] Error occurred during initial exchange rate sync from CurrencyFreaks API
Microsoft.EntityFrameworkCore.DbUpdateException: An error occurred while saving the entity changes. See the inner exception for details.
 ---> Microsoft.Data.SqlClient.SqlException (0x80131904): String or binary data would be truncated in table 'fxrately_db.dbo.ExchangeRates', column 'TargetCurrency'. Truncated value: 'AGL'.
   at Microsoft.Data.SqlClient.SqlConnection.OnError(SqlException exception, Boolean breakConnection, Action`1 wrapCloseInAction)
   at Microsoft.Data.SqlClient.SqlInternalConnection.OnError(SqlException exception, Boolean breakConnection, Action`1 wrapCloseInAction)
   at Microsoft.Data.SqlClient.TdsParser.ThrowExceptionAndWarning(TdsParserStateObject stateObj, Boolean callerHasConnectionLock, Boolean asyncClose)
   at Microsoft.Data.SqlClient.TdsParser.TryRun(RunBehavior runBehavior, SqlCommand cmdHandler, SqlDataReader dataStream, BulkCopySimpleResultSet bulkCopyHandler, TdsParserStateObject stateObj, Boolean& dataReady)
   at Microsoft.Data.SqlClient.SqlDataReader.TryHasMoreRows(Boolean& moreRows)
   at Microsoft.Data.SqlClient.SqlDataReader.TryReadInternal(Boolean setTimeout, Boolean& more)
   at Microsoft.Data.SqlClient.SqlDataReader.ReadAsyncExecute(Task task, Object state)
   at Microsoft.Data.SqlClient.SqlDataReader.InvokeAsyncCall[T](SqlDataReaderBaseAsyncCallContext`1 context)
--- End of stack trace from previous location ---
   at Microsoft.EntityFrameworkCore.Update.AffectedCountModificationCommandBatch.ConsumeResultSetAsync(Int32 startCommandIndex, RelationalDataReader reader, CancellationToken cancellationToken)
ClientConnectionId:0ee3707f-24ca-4537-9d11-5a871314ea6a
Error Number:2628,State:1,Class:16
   --- End of inner exception stack trace ---
   at Microsoft.EntityFrameworkCore.Update.AffectedCountModificationCommandBatch.ConsumeResultSetAsync(Int32 startCommandIndex, RelationalDataReader reader, CancellationToken cancellationToken)
   at Microsoft.EntityFrameworkCore.Update.AffectedCountModificationCommandBatch.ConsumeAsync(RelationalDataReader reader, CancellationToken cancellationToken)
   at Microsoft.EntityFrameworkCore.Update.ReaderModificationCommandBatch.ExecuteAsync(IRelationalConnection connection, CancellationToken cancellationToken)
   at Microsoft.EntityFrameworkCore.Update.ReaderModificationCommandBatch.ExecuteAsync(IRelationalConnection connection, CancellationToken cancellationToken)
   at Microsoft.EntityFrameworkCore.SqlServer.Update.Internal.SqlServerModificationCommandBatch.ExecuteAsync(IRelationalConnection connection, CancellationToken cancellationToken)
   at Microsoft.EntityFrameworkCore.Update.Internal.BatchExecutor.ExecuteAsync(IEnumerable`1 commandBatches, IRelationalConnection connection, CancellationToken cancellationToken)
   at Microsoft.EntityFrameworkCore.Update.Internal.BatchExecutor.ExecuteAsync(IEnumerable`1 commandBatches, IRelationalConnection connection, CancellationToken cancellationToken)
   at Microsoft.EntityFrameworkCore.Update.Internal.BatchExecutor.ExecuteAsync(IEnumerable`1 commandBatches, IRelationalConnection connection, CancellationToken cancellationToken)
   at Microsoft.EntityFrameworkCore.ChangeTracking.Internal.StateManager.SaveChangesAsync(IList`1 entriesToSave, CancellationToken cancellationToken)
   at Microsoft.EntityFrameworkCore.ChangeTracking.Internal.StateManager.SaveChangesAsync(StateManager stateManager, Boolean acceptAllChangesOnSuccess, CancellationToken cancellationToken)
   at Microsoft.EntityFrameworkCore.SqlServer.Storage.Internal.SqlServerExecutionStrategy.ExecuteAsync[TState,TResult](TState state, Func`4 operation, Func`4 verifySucceeded, CancellationToken cancellationToken)
   at Microsoft.EntityFrameworkCore.DbContext.SaveChangesAsync(Boolean acceptAllChangesOnSuccess, CancellationToken cancellationToken)
   at Microsoft.EntityFrameworkCore.DbContext.SaveChangesAsync(Boolean acceptAllChangesOnSuccess, CancellationToken cancellationToken)
   at FxRateHub.Infrastructure.Persistence.ApplicationDbContext.SaveChangesAsync(CancellationToken cancellationToken) in /media/mainul/Software/FxRateHub/src/FxRateHub.Infrastructure/Persistence/ApplicationDbContext.cs:line 99
   at FxRateHub.Infrastructure.Persistence.DatabaseSeeder.SeedExchangeRatesAsync(ApplicationDbContext context, IFxRateProvider fxRateProvider, ILogger logger) in /media/mainul/Software/FxRateHub/src/FxRateHub.Infrastructure/Persistence/DatabaseSeeder.cs:line 109
2026-02-21 01:41:51.845 +06:00 [INF] Initial exchange rate sync completed.
2026-02-21 01:41:51.868 +06:00 [INF] FX Rate Hub API is starting...
2026-02-21 01:41:52.092 +06:00 [INF] Initialized Scheduler Signaller of type: Quartz.Core.SchedulerSignalerImpl
2026-02-21 01:41:52.095 +06:00 [INF] Quartz Scheduler created
2026-02-21 01:41:52.101 +06:00 [INF] JobFactory set to: Quartz.Simpl.MicrosoftDependencyInjectionJobFactory
2026-02-21 01:41:52.106 +06:00 [INF] RAMJobStore initialized.
2026-02-21 01:41:52.113 +06:00 [INF] Quartz Scheduler 3.8.1.0 - 'QuartzScheduler' with instanceId 'NON_CLUSTERED' initialized
2026-02-21 01:41:52.117 +06:00 [INF] Using thread pool 'Quartz.Simpl.DefaultThreadPool', size: 10
2026-02-21 01:41:52.122 +06:00 [INF] Using job store 'Quartz.Simpl.RAMJobStore', supports persistence: False, clustered: False
2026-02-21 01:41:52.172 +06:00 [INF] Adding 2 jobs, 2 triggers.
2026-02-21 01:41:52.186 +06:00 [INF] Adding job: DEFAULT.FxRateSyncJob
2026-02-21 01:41:52.255 +06:00 [INF] Adding job: DEFAULT.DailyResetJob
2026-02-21 01:41:52.549 +06:00 [INF] Scheduler QuartzScheduler_$_NON_CLUSTERED started.
2026-02-21 01:52:17.620 +06:00 [INF] Scheduler QuartzScheduler_$_NON_CLUSTERED shutting down.
2026-02-21 01:52:17.703 +06:00 [INF] Scheduler QuartzScheduler_$_NON_CLUSTERED paused.
2026-02-21 01:52:17.746 +06:00 [INF] Scheduler QuartzScheduler_$_NON_CLUSTERED Shutdown complete.
2026-02-21 01:52:50.682 +06:00 [INF] Applying database migrations...
2026-02-21 01:52:58.411 +06:00 [INF] Database migrations applied successfully.
2026-02-21 01:52:58.413 +06:00 [INF] Seeding database...
2026-02-21 01:52:59.282 +06:00 [INF] Admin user with email admin@fxratehub.com already exists
2026-02-21 01:52:59.642 +06:00 [INF] App setting with key SyncIntervalMinutes already exists
2026-02-21 01:52:59.913 +06:00 [INF] App setting with key DailyRequestLimit already exists
2026-02-21 01:53:00.178 +06:00 [INF] App setting with key MaintenanceMode already exists
2026-02-21 01:53:00.182 +06:00 [INF] Database seeding skipped - all records already exist
2026-02-21 01:53:00.187 +06:00 [INF] Database seeding completed.
2026-02-21 01:53:00.190 +06:00 [INF] Performing initial exchange rate sync...
2026-02-21 01:53:00.579 +06:00 [INF] No exchange rates found in database. Performing initial sync from CurrencyFreaks API...
2026-02-21 01:53:00.606 +06:00 [INF] Fetching latest exchange rates from CurrencyFreaks for base currency: USD
2026-02-21 01:53:00.638 +06:00 [INF] Start processing HTTP request GET https://api.currencyfreaks.com/v2.0/rates/latest?apikey=464a3f27f4e44fbaae4d57044ec364e9&base=USD
2026-02-21 01:53:00.653 +06:00 [INF] Sending HTTP request GET https://api.currencyfreaks.com/v2.0/rates/latest?apikey=464a3f27f4e44fbaae4d57044ec364e9&base=USD
2026-02-21 01:53:01.577 +06:00 [INF] Received HTTP response headers after 908.9522ms - 200
2026-02-21 01:53:01.612 +06:00 [INF] End processing HTTP request after 993.5932ms - 200
2026-02-21 01:53:01.676 +06:00 [INF] Successfully retrieved 1014 exchange rates from CurrencyFreaks
2026-02-21 01:53:05.538 +06:00 [ERR] Failed executing DbCommand (283ms) [Parameters=[@p0='?' (Size = 3), @p1='?' (DbType = DateTime2), @p2='?' (Precision = 18) (Scale = 8) (DbType = Decimal), @p3='?' (Size = 10), @p4='?' (DbType = DateTime2), @p5='?' (Size = 3), @p6='?' (DbType = DateTime2), @p7='?' (Precision = 18) (Scale = 8) (DbType = Decimal), @p8='?' (Size = 10), @p9='?' (DbType = DateTime2), @p10='?' (Size = 3), @p11='?' (DbType = DateTime2), @p12='?' (Precision = 18) (Scale = 8) (DbType = Decimal), @p13='?' (Size = 10), @p14='?' (DbType = DateTime2), @p15='?' (Size = 3), @p16='?' (DbType = DateTime2), @p17='?' (Precision = 18) (Scale = 8) (DbType = Decimal), @p18='?' (Size = 10), @p19='?' (DbType = DateTime2), @p20='?' (Size = 3), @p21='?' (DbType = DateTime2), @p22='?' (Precision = 18) (Scale = 8) (DbType = Decimal), @p23='?' (Size = 10), @p24='?' (DbType = DateTime2), @p25='?' (Size = 3), @p26='?' (DbType = DateTime2), @p27='?' (Precision = 18) (Scale = 8) (DbType = Decimal), @p28='?' (Size = 10), @p29='?' (DbType = DateTime2), @p30='?' (Size = 3), @p31='?' (DbType = DateTime2), @p32='?' (Precision = 18) (Scale = 8) (DbType = Decimal), @p33='?' (Size = 10), @p34='?' (DbType = DateTime2), @p35='?' (Size = 3), @p36='?' (DbType = DateTime2), @p37='?' (Precision = 18) (Scale = 8) (DbType = Decimal), @p38='?' (Size = 10), @p39='?' (DbType = DateTime2), @p40='?' (Size = 3), @p41='?' (DbType = DateTime2), @p42='?' (Precision = 18) (Scale = 8) (DbType = Decimal), @p43='?' (Size = 10), @p44='?' (DbType = DateTime2), @p45='?' (Size = 3), @p46='?' (DbType = DateTime2), @p47='?' (Precision = 18) (Scale = 8) (DbType = Decimal), @p48='?' (Size = 10), @p49='?' (DbType = DateTime2), @p50='?' (Size = 3), @p51='?' (DbType = DateTime2), @p52='?' (Precision = 18) (Scale = 8) (DbType = Decimal), @p53='?' (Size = 10), @p54='?' (DbType = DateTime2), @p55='?' (Size = 3), @p56='?' (DbType = DateTime2), @p57='?' (Precision = 18) (Scale = 8) (DbType = Decimal), @p58='?' (Size = 10), @p59='?' (DbType = DateTime2), @p60='?' (Size = 3), @p61='?' (DbType = DateTime2), @p62='?' (Precision = 18) (Scale = 8) (DbType = Decimal), @p63='?' (Size = 10), @p64='?' (DbType = DateTime2), @p65='?' (Size = 3), @p66='?' (DbType = DateTime2), @p67='?' (Precision = 18) (Scale = 8) (DbType = Decimal), @p68='?' (Size = 10), @p69='?' (DbType = DateTime2), @p70='?' (Size = 3), @p71='?' (DbType = DateTime2), @p72='?' (Precision = 18) (Scale = 8) (DbType = Decimal), @p73='?' (Size = 10), @p74='?' (DbType = DateTime2), @p75='?' (Size = 3), @p76='?' (DbType = DateTime2), @p77='?' (Precision = 18) (Scale = 8) (DbType = Decimal), @p78='?' (Size = 10), @p79='?' (DbType = DateTime2), @p80='?' (Size = 3), @p81='?' (DbType = DateTime2), @p82='?' (Precision = 18) (Scale = 8) (DbType = Decimal), @p83='?' (Size = 10), @p84='?' (DbType = DateTime2), @p85='?' (Size = 3), @p86='?' (DbType = DateTime2), @p87='?' (Precision = 18) (Scale = 8) (DbType = Decimal), @p88='?' (Size = 10), @p89='?' (DbType = DateTime2), @p90='?' (Size = 3), @p91='?' (DbType = DateTime2), @p92='?' (Precision = 18) (Scale = 8) (DbType = Decimal), @p93='?' (Size = 10), @p94='?' (DbType = DateTime2), @p95='?' (Size = 3), @p96='?' (DbType = DateTime2), @p97='?' (Precision = 18) (Scale = 8) (DbType = Decimal), @p98='?' (Size = 10), @p99='?' (DbType = DateTime2), @p100='?' (Size = 3), @p101='?' (DbType = DateTime2), @p102='?' (Precision = 18) (Scale = 8) (DbType = Decimal), @p103='?' (Size = 10), @p104='?' (DbType = DateTime2), @p105='?' (Size = 3), @p106='?' (DbType = DateTime2), @p107='?' (Precision = 18) (Scale = 8) (DbType = Decimal), @p108='?' (Size = 10), @p109='?' (DbType = DateTime2), @p110='?' (Size = 3), @p111='?' (DbType = DateTime2), @p112='?' (Precision = 18) (Scale = 8) (DbType = Decimal), @p113='?' (Size = 10), @p114='?' (DbType = DateTime2), @p115='?' (Size = 3), @p116='?' (DbType = DateTime2), @p117='?' (Precision = 18) (Scale = 8) (DbType = Decimal), @p118='?' (Size = 10), @p119='?' (DbType = DateTime2), @p120='?' (Size = 3), @p121='?' (DbType = DateTime2), @p122='?' (Precision = 18) (Scale = 8) (DbType = Decimal), @p123='?' (Size = 10), @p124='?' (DbType = DateTime2), @p125='?' (Size = 3), @p126='?' (DbType = DateTime2), @p127='?' (Precision = 18) (Scale = 8) (DbType = Decimal), @p128='?' (Size = 10), @p129='?' (DbType = DateTime2), @p130='?' (Size = 3), @p131='?' (DbType = DateTime2), @p132='?' (Precision = 18) (Scale = 8) (DbType = Decimal), @p133='?' (Size = 10), @p134='?' (DbType = DateTime2), @p135='?' (Size = 3), @p136='?' (DbType = DateTime2), @p137='?' (Precision = 18) (Scale = 8) (DbType = Decimal), @p138='?' (Size = 10), @p139='?' (DbType = DateTime2), @p140='?' (Size = 3), @p141='?' (DbType = DateTime2), @p142='?' (Precision = 18) (Scale = 8) (DbType = Decimal), @p143='?' (Size = 10), @p144='?' (DbType = DateTime2), @p145='?' (Size = 3), @p146='?' (DbType = DateTime2), @p147='?' (Precision = 18) (Scale = 8) (DbType = Decimal), @p148='?' (Size = 10), @p149='?' (DbType = DateTime2), @p150='?' (Size = 3), @p151='?' (DbType = DateTime2), @p152='?' (Precision = 18) (Scale = 8) (DbType = Decimal), @p153='?' (Size = 10), @p154='?' (DbType = DateTime2), @p155='?' (Size = 3), @p156='?' (DbType = DateTime2), @p157='?' (Precision = 18) (Scale = 8) (DbType = Decimal), @p158='?' (Size = 10), @p159='?' (DbType = DateTime2), @p160='?' (Size = 3), @p161='?' (DbType = DateTime2), @p162='?' (Precision = 18) (Scale = 8) (DbType = Decimal), @p163='?' (Size = 10), @p164='?' (DbType = DateTime2), @p165='?' (Size = 3), @p166='?' (DbType = DateTime2), @p167='?' (Precision = 18) (Scale = 8) (DbType = Decimal), @p168='?' (Size = 10), @p169='?' (DbType = DateTime2), @p170='?' (Size = 3), @p171='?' (DbType = DateTime2), @p172='?' (Precision = 18) (Scale = 8) (DbType = Decimal), @p173='?' (Size = 10), @p174='?' (DbType = DateTime2), @p175='?' (Size = 3), @p176='?' (DbType = DateTime2), @p177='?' (Precision = 18) (Scale = 8) (DbType = Decimal), @p178='?' (Size = 10), @p179='?' (DbType = DateTime2), @p180='?' (Size = 3), @p181='?' (DbType = DateTime2), @p182='?' (Precision = 18) (Scale = 8) (DbType = Decimal), @p183='?' (Size = 10), @p184='?' (DbType = DateTime2), @p185='?' (Size = 3), @p186='?' (DbType = DateTime2), @p187='?' (Precision = 18) (Scale = 8) (DbType = Decimal), @p188='?' (Size = 10), @p189='?' (DbType = DateTime2), @p190='?' (Size = 3), @p191='?' (DbType = DateTime2), @p192='?' (Precision = 18) (Scale = 8) (DbType = Decimal), @p193='?' (Size = 10), @p194='?' (DbType = DateTime2), @p195='?' (Size = 3), @p196='?' (DbType = DateTime2), @p197='?' (Precision = 18) (Scale = 8) (DbType = Decimal), @p198='?' (Size = 10), @p199='?' (DbType = DateTime2), @p200='?' (Size = 3), @p201='?' (DbType = DateTime2), @p202='?' (Precision = 18) (Scale = 8) (DbType = Decimal), @p203='?' (Size = 10), @p204='?' (DbType = DateTime2), @p205='?' (Size = 3), @p206='?' (DbType = DateTime2), @p207='?' (Precision = 18) (Scale = 8) (DbType = Decimal), @p208='?' (Size = 10), @p209='?' (DbType = DateTime2)], CommandType='"Text"', CommandTimeout='30']
SET IMPLICIT_TRANSACTIONS OFF;
SET NOCOUNT ON;
MERGE [ExchangeRates] USING (
VALUES (@p0, @p1, @p2, @p3, @p4, 0),
(@p5, @p6, @p7, @p8, @p9, 1),
(@p10, @p11, @p12, @p13, @p14, 2),
(@p15, @p16, @p17, @p18, @p19, 3),
(@p20, @p21, @p22, @p23, @p24, 4),
(@p25, @p26, @p27, @p28, @p29, 5),
(@p30, @p31, @p32, @p33, @p34, 6),
(@p35, @p36, @p37, @p38, @p39, 7),
(@p40, @p41, @p42, @p43, @p44, 8),
(@p45, @p46, @p47, @p48, @p49, 9),
(@p50, @p51, @p52, @p53, @p54, 10),
(@p55, @p56, @p57, @p58, @p59, 11),
(@p60, @p61, @p62, @p63, @p64, 12),
(@p65, @p66, @p67, @p68, @p69, 13),
(@p70, @p71, @p72, @p73, @p74, 14),
(@p75, @p76, @p77, @p78, @p79, 15),
(@p80, @p81, @p82, @p83, @p84, 16),
(@p85, @p86, @p87, @p88, @p89, 17),
(@p90, @p91, @p92, @p93, @p94, 18),
(@p95, @p96, @p97, @p98, @p99, 19),
(@p100, @p101, @p102, @p103, @p104, 20),
(@p105, @p106, @p107, @p108, @p109, 21),
(@p110, @p111, @p112, @p113, @p114, 22),
(@p115, @p116, @p117, @p118, @p119, 23),
(@p120, @p121, @p122, @p123, @p124, 24),
(@p125, @p126, @p127, @p128, @p129, 25),
(@p130, @p131, @p132, @p133, @p134, 26),
(@p135, @p136, @p137, @p138, @p139, 27),
(@p140, @p141, @p142, @p143, @p144, 28),
(@p145, @p146, @p147, @p148, @p149, 29),
(@p150, @p151, @p152, @p153, @p154, 30),
(@p155, @p156, @p157, @p158, @p159, 31),
(@p160, @p161, @p162, @p163, @p164, 32),
(@p165, @p166, @p167, @p168, @p169, 33),
(@p170, @p171, @p172, @p173, @p174, 34),
(@p175, @p176, @p177, @p178, @p179, 35),
(@p180, @p181, @p182, @p183, @p184, 36),
(@p185, @p186, @p187, @p188, @p189, 37),
(@p190, @p191, @p192, @p193, @p194, 38),
(@p195, @p196, @p197, @p198, @p199, 39),
(@p200, @p201, @p202, @p203, @p204, 40),
(@p205, @p206, @p207, @p208, @p209, 41)) AS i ([BaseCurrency], [CreatedAt], [Rate], [TargetCurrency], [UpdatedAt], _Position) ON 1=0
WHEN NOT MATCHED THEN
INSERT ([BaseCurrency], [CreatedAt], [Rate], [TargetCurrency], [UpdatedAt])
VALUES (i.[BaseCurrency], i.[CreatedAt], i.[Rate], i.[TargetCurrency], i.[UpdatedAt])
OUTPUT INSERTED.[Id], i._Position;
2026-02-21 01:53:05.949 +06:00 [ERR] An exception occurred in the database while saving changes for context type 'FxRateHub.Infrastructure.Persistence.ApplicationDbContext'.
Microsoft.EntityFrameworkCore.DbUpdateException: An error occurred while saving the entity changes. See the inner exception for details.
 ---> System.ArgumentException: Parameter value '319906182516.43365000' is out of range.
   at Microsoft.Data.SqlClient.SqlCommand.<>c.<ExecuteDbDataReaderAsync>b__211_0(Task`1 result)
   at System.Threading.Tasks.ContinuationResultTaskFromResultTask`2.InnerInvoke()
   at System.Threading.ExecutionContext.RunInternal(ExecutionContext executionContext, ContextCallback callback, Object state)
--- End of stack trace from previous location ---
   at System.Threading.ExecutionContext.RunInternal(ExecutionContext executionContext, ContextCallback callback, Object state)
   at System.Threading.Tasks.Task.ExecuteWithThreadLocal(Task& currentTaskSlot, Thread threadPoolThread)
--- End of stack trace from previous location ---
   at Microsoft.EntityFrameworkCore.Storage.RelationalCommand.ExecuteReaderAsync(RelationalCommandParameterObject parameterObject, CancellationToken cancellationToken)
   at Microsoft.EntityFrameworkCore.Storage.RelationalCommand.ExecuteReaderAsync(RelationalCommandParameterObject parameterObject, CancellationToken cancellationToken)
   at Microsoft.EntityFrameworkCore.Update.ReaderModificationCommandBatch.ExecuteAsync(IRelationalConnection connection, CancellationToken cancellationToken)
   --- End of inner exception stack trace ---
   at Microsoft.EntityFrameworkCore.Update.ReaderModificationCommandBatch.ExecuteAsync(IRelationalConnection connection, CancellationToken cancellationToken)
   at Microsoft.EntityFrameworkCore.SqlServer.Update.Internal.SqlServerModificationCommandBatch.ExecuteAsync(IRelationalConnection connection, CancellationToken cancellationToken)
   at Microsoft.EntityFrameworkCore.Update.Internal.BatchExecutor.ExecuteAsync(IEnumerable`1 commandBatches, IRelationalConnection connection, CancellationToken cancellationToken)
   at Microsoft.EntityFrameworkCore.Update.Internal.BatchExecutor.ExecuteAsync(IEnumerable`1 commandBatches, IRelationalConnection connection, CancellationToken cancellationToken)
   at Microsoft.EntityFrameworkCore.Update.Internal.BatchExecutor.ExecuteAsync(IEnumerable`1 commandBatches, IRelationalConnection connection, CancellationToken cancellationToken)
   at Microsoft.EntityFrameworkCore.ChangeTracking.Internal.StateManager.SaveChangesAsync(IList`1 entriesToSave, CancellationToken cancellationToken)
   at Microsoft.EntityFrameworkCore.ChangeTracking.Internal.StateManager.SaveChangesAsync(StateManager stateManager, Boolean acceptAllChangesOnSuccess, CancellationToken cancellationToken)
   at Microsoft.EntityFrameworkCore.SqlServer.Storage.Internal.SqlServerExecutionStrategy.ExecuteAsync[TState,TResult](TState state, Func`4 operation, Func`4 verifySucceeded, CancellationToken cancellationToken)
   at Microsoft.EntityFrameworkCore.DbContext.SaveChangesAsync(Boolean acceptAllChangesOnSuccess, CancellationToken cancellationToken)
Microsoft.EntityFrameworkCore.DbUpdateException: An error occurred while saving the entity changes. See the inner exception for details.
 ---> System.ArgumentException: Parameter value '319906182516.43365000' is out of range.
   at Microsoft.Data.SqlClient.SqlCommand.<>c.<ExecuteDbDataReaderAsync>b__211_0(Task`1 result)
   at System.Threading.Tasks.ContinuationResultTaskFromResultTask`2.InnerInvoke()
   at System.Threading.ExecutionContext.RunInternal(ExecutionContext executionContext, ContextCallback callback, Object state)
--- End of stack trace from previous location ---
   at System.Threading.ExecutionContext.RunInternal(ExecutionContext executionContext, ContextCallback callback, Object state)
   at System.Threading.Tasks.Task.ExecuteWithThreadLocal(Task& currentTaskSlot, Thread threadPoolThread)
--- End of stack trace from previous location ---
   at Microsoft.EntityFrameworkCore.Storage.RelationalCommand.ExecuteReaderAsync(RelationalCommandParameterObject parameterObject, CancellationToken cancellationToken)
   at Microsoft.EntityFrameworkCore.Storage.RelationalCommand.ExecuteReaderAsync(RelationalCommandParameterObject parameterObject, CancellationToken cancellationToken)
   at Microsoft.EntityFrameworkCore.Update.ReaderModificationCommandBatch.ExecuteAsync(IRelationalConnection connection, CancellationToken cancellationToken)
   --- End of inner exception stack trace ---
   at Microsoft.EntityFrameworkCore.Update.ReaderModificationCommandBatch.ExecuteAsync(IRelationalConnection connection, CancellationToken cancellationToken)
   at Microsoft.EntityFrameworkCore.SqlServer.Update.Internal.SqlServerModificationCommandBatch.ExecuteAsync(IRelationalConnection connection, CancellationToken cancellationToken)
   at Microsoft.EntityFrameworkCore.Update.Internal.BatchExecutor.ExecuteAsync(IEnumerable`1 commandBatches, IRelationalConnection connection, CancellationToken cancellationToken)
   at Microsoft.EntityFrameworkCore.Update.Internal.BatchExecutor.ExecuteAsync(IEnumerable`1 commandBatches, IRelationalConnection connection, CancellationToken cancellationToken)
   at Microsoft.EntityFrameworkCore.Update.Internal.BatchExecutor.ExecuteAsync(IEnumerable`1 commandBatches, IRelationalConnection connection, CancellationToken cancellationToken)
   at Microsoft.EntityFrameworkCore.ChangeTracking.Internal.StateManager.SaveChangesAsync(IList`1 entriesToSave, CancellationToken cancellationToken)
   at Microsoft.EntityFrameworkCore.ChangeTracking.Internal.StateManager.SaveChangesAsync(StateManager stateManager, Boolean acceptAllChangesOnSuccess, CancellationToken cancellationToken)
   at Microsoft.EntityFrameworkCore.SqlServer.Storage.Internal.SqlServerExecutionStrategy.ExecuteAsync[TState,TResult](TState state, Func`4 operation, Func`4 verifySucceeded, CancellationToken cancellationToken)
   at Microsoft.EntityFrameworkCore.DbContext.SaveChangesAsync(Boolean acceptAllChangesOnSuccess, CancellationToken cancellationToken)
2026-02-21 01:53:05.969 +06:00 [ERR] Error occurred during initial exchange rate sync from CurrencyFreaks API
Microsoft.EntityFrameworkCore.DbUpdateException: An error occurred while saving the entity changes. See the inner exception for details.
 ---> System.ArgumentException: Parameter value '319906182516.43365000' is out of range.
   at Microsoft.Data.SqlClient.SqlCommand.<>c.<ExecuteDbDataReaderAsync>b__211_0(Task`1 result)
   at System.Threading.Tasks.ContinuationResultTaskFromResultTask`2.InnerInvoke()
   at System.Threading.ExecutionContext.RunInternal(ExecutionContext executionContext, ContextCallback callback, Object state)
--- End of stack trace from previous location ---
   at System.Threading.ExecutionContext.RunInternal(ExecutionContext executionContext, ContextCallback callback, Object state)
   at System.Threading.Tasks.Task.ExecuteWithThreadLocal(Task& currentTaskSlot, Thread threadPoolThread)
--- End of stack trace from previous location ---
   at Microsoft.EntityFrameworkCore.Storage.RelationalCommand.ExecuteReaderAsync(RelationalCommandParameterObject parameterObject, CancellationToken cancellationToken)
   at Microsoft.EntityFrameworkCore.Storage.RelationalCommand.ExecuteReaderAsync(RelationalCommandParameterObject parameterObject, CancellationToken cancellationToken)
   at Microsoft.EntityFrameworkCore.Update.ReaderModificationCommandBatch.ExecuteAsync(IRelationalConnection connection, CancellationToken cancellationToken)
   --- End of inner exception stack trace ---
   at Microsoft.EntityFrameworkCore.Update.ReaderModificationCommandBatch.ExecuteAsync(IRelationalConnection connection, CancellationToken cancellationToken)
   at Microsoft.EntityFrameworkCore.SqlServer.Update.Internal.SqlServerModificationCommandBatch.ExecuteAsync(IRelationalConnection connection, CancellationToken cancellationToken)
   at Microsoft.EntityFrameworkCore.Update.Internal.BatchExecutor.ExecuteAsync(IEnumerable`1 commandBatches, IRelationalConnection connection, CancellationToken cancellationToken)
   at Microsoft.EntityFrameworkCore.Update.Internal.BatchExecutor.ExecuteAsync(IEnumerable`1 commandBatches, IRelationalConnection connection, CancellationToken cancellationToken)
   at Microsoft.EntityFrameworkCore.Update.Internal.BatchExecutor.ExecuteAsync(IEnumerable`1 commandBatches, IRelationalConnection connection, CancellationToken cancellationToken)
   at Microsoft.EntityFrameworkCore.ChangeTracking.Internal.StateManager.SaveChangesAsync(IList`1 entriesToSave, CancellationToken cancellationToken)
   at Microsoft.EntityFrameworkCore.ChangeTracking.Internal.StateManager.SaveChangesAsync(StateManager stateManager, Boolean acceptAllChangesOnSuccess, CancellationToken cancellationToken)
   at Microsoft.EntityFrameworkCore.SqlServer.Storage.Internal.SqlServerExecutionStrategy.ExecuteAsync[TState,TResult](TState state, Func`4 operation, Func`4 verifySucceeded, CancellationToken cancellationToken)
   at Microsoft.EntityFrameworkCore.DbContext.SaveChangesAsync(Boolean acceptAllChangesOnSuccess, CancellationToken cancellationToken)
   at Microsoft.EntityFrameworkCore.DbContext.SaveChangesAsync(Boolean acceptAllChangesOnSuccess, CancellationToken cancellationToken)
   at FxRateHub.Infrastructure.Persistence.ApplicationDbContext.SaveChangesAsync(CancellationToken cancellationToken) in /media/mainul/Software/FxRateHub/src/FxRateHub.Infrastructure/Persistence/ApplicationDbContext.cs:line 99
   at FxRateHub.Infrastructure.Persistence.DatabaseSeeder.SeedExchangeRatesAsync(ApplicationDbContext context, IFxRateProvider fxRateProvider, ILogger logger) in /media/mainul/Software/FxRateHub/src/FxRateHub.Infrastructure/Persistence/DatabaseSeeder.cs:line 109
2026-02-21 01:53:06.039 +06:00 [INF] Initial exchange rate sync completed.
2026-02-21 01:53:06.049 +06:00 [INF] FX Rate Hub API is starting...
2026-02-21 01:53:06.172 +06:00 [INF] Initialized Scheduler Signaller of type: Quartz.Core.SchedulerSignalerImpl
2026-02-21 01:53:06.174 +06:00 [INF] Quartz Scheduler created
2026-02-21 01:53:06.178 +06:00 [INF] JobFactory set to: Quartz.Simpl.MicrosoftDependencyInjectionJobFactory
2026-02-21 01:53:06.184 +06:00 [INF] RAMJobStore initialized.
2026-02-21 01:53:06.189 +06:00 [INF] Quartz Scheduler 3.8.1.0 - 'QuartzScheduler' with instanceId 'NON_CLUSTERED' initialized
2026-02-21 01:53:06.191 +06:00 [INF] Using thread pool 'Quartz.Simpl.DefaultThreadPool', size: 10
2026-02-21 01:53:06.194 +06:00 [INF] Using job store 'Quartz.Simpl.RAMJobStore', supports persistence: False, clustered: False
2026-02-21 01:53:06.226 +06:00 [INF] Adding 2 jobs, 2 triggers.
2026-02-21 01:53:06.232 +06:00 [INF] Adding job: DEFAULT.FxRateSyncJob
2026-02-21 01:53:06.271 +06:00 [INF] Adding job: DEFAULT.DailyResetJob
2026-02-21 01:53:06.468 +06:00 [INF] Scheduler QuartzScheduler_$_NON_CLUSTERED started.
2026-02-21 02:00:00.568 +06:00 [INF] FxRateSyncJob started at "2026-02-20T20:00:00.5560661Z"
2026-02-21 02:00:01.019 +06:00 [INF] Processing request SyncExchangeRatesCommand
2026-02-21 02:00:01.255 +06:00 [INF] Fetching latest exchange rates from provider for base currency USD
2026-02-21 02:00:01.262 +06:00 [INF] Fetching latest exchange rates from CurrencyFreaks for base currency: USD
2026-02-21 02:00:01.284 +06:00 [INF] Start processing HTTP request GET https://api.currencyfreaks.com/v2.0/rates/latest?apikey=464a3f27f4e44fbaae4d57044ec364e9&base=USD
2026-02-21 02:00:01.290 +06:00 [INF] Sending HTTP request GET https://api.currencyfreaks.com/v2.0/rates/latest?apikey=464a3f27f4e44fbaae4d57044ec364e9&base=USD
2026-02-21 02:00:02.988 +06:00 [INF] Received HTTP response headers after 1695.5574ms - 200
2026-02-21 02:00:03.162 +06:00 [INF] End processing HTTP request after 1881.901ms - 200
2026-02-21 02:00:03.249 +06:00 [INF] Successfully retrieved 1014 exchange rates from CurrencyFreaks
2026-02-21 02:00:03.258 +06:00 [INF] Fetched 1014 exchange rates from provider
2026-02-21 02:00:03.330 +06:00 [INF] Archiving existing exchange rates to history
2026-02-21 02:00:06.640 +06:00 [INF] Archived 0 exchange rate records to history
2026-02-21 02:00:06.833 +06:00 [INF] Updating exchange rates table with new rates
2026-02-21 02:03:14.666 +06:00 [INF] Scheduler QuartzScheduler_$_NON_CLUSTERED shutting down.
2026-02-21 02:03:14.728 +06:00 [INF] Scheduler QuartzScheduler_$_NON_CLUSTERED paused.
2026-02-21 02:04:06.592 +06:00 [INF] Applying database migrations...
2026-02-21 02:04:14.511 +06:00 [INF] Database migrations applied successfully.
2026-02-21 02:04:14.517 +06:00 [INF] Seeding database...
2026-02-21 02:04:15.515 +06:00 [INF] Admin user with email admin@fxratehub.com already exists
2026-02-21 02:04:15.976 +06:00 [INF] App setting with key SyncIntervalMinutes already exists
2026-02-21 02:04:16.250 +06:00 [INF] App setting with key DailyRequestLimit already exists
2026-02-21 02:04:16.515 +06:00 [INF] App setting with key MaintenanceMode already exists
2026-02-21 02:04:16.520 +06:00 [INF] Database seeding skipped - all records already exist
2026-02-21 02:04:16.525 +06:00 [INF] Database seeding completed.
2026-02-21 02:04:16.528 +06:00 [INF] Performing initial exchange rate sync...
2026-02-21 02:04:16.912 +06:00 [INF] No exchange rates found in database. Performing initial sync from CurrencyFreaks API...
2026-02-21 02:04:16.937 +06:00 [INF] Fetching latest exchange rates from CurrencyFreaks for base currency: USD
2026-02-21 02:04:16.966 +06:00 [INF] Start processing HTTP request GET https://api.currencyfreaks.com/v2.0/rates/latest?apikey=464a3f27f4e44fbaae4d57044ec364e9&base=USD
2026-02-21 02:04:16.974 +06:00 [INF] Sending HTTP request GET https://api.currencyfreaks.com/v2.0/rates/latest?apikey=464a3f27f4e44fbaae4d57044ec364e9&base=USD
2026-02-21 02:04:17.882 +06:00 [INF] Received HTTP response headers after 894.9103ms - 200
2026-02-21 02:04:17.906 +06:00 [INF] End processing HTTP request after 955.4177ms - 200
2026-02-21 02:04:18.015 +06:00 [INF] Successfully retrieved 1014 exchange rates from CurrencyFreaks
2026-02-21 02:04:27.272 +06:00 [INF] Initial sync completed. 1014 exchange rates saved to database.
2026-02-21 02:04:27.275 +06:00 [INF] Initial exchange rate sync completed.
2026-02-21 02:04:27.360 +06:00 [INF] FX Rate Hub API is starting...
2026-02-21 02:04:27.632 +06:00 [INF] Initialized Scheduler Signaller of type: Quartz.Core.SchedulerSignalerImpl
2026-02-21 02:04:27.635 +06:00 [INF] Quartz Scheduler created
2026-02-21 02:04:27.640 +06:00 [INF] JobFactory set to: Quartz.Simpl.MicrosoftDependencyInjectionJobFactory
2026-02-21 02:04:27.646 +06:00 [INF] RAMJobStore initialized.
2026-02-21 02:04:27.650 +06:00 [INF] Quartz Scheduler 3.8.1.0 - 'QuartzScheduler' with instanceId 'NON_CLUSTERED' initialized
2026-02-21 02:04:27.653 +06:00 [INF] Using thread pool 'Quartz.Simpl.DefaultThreadPool', size: 10
2026-02-21 02:04:27.656 +06:00 [INF] Using job store 'Quartz.Simpl.RAMJobStore', supports persistence: False, clustered: False
2026-02-21 02:04:27.685 +06:00 [INF] Adding 2 jobs, 2 triggers.
2026-02-21 02:04:27.691 +06:00 [INF] Adding job: DEFAULT.FxRateSyncJob
2026-02-21 02:04:27.733 +06:00 [INF] Adding job: DEFAULT.DailyResetJob
2026-02-21 02:04:28.062 +06:00 [INF] Scheduler QuartzScheduler_$_NON_CLUSTERED started.
2026-02-21 02:06:53.832 +06:00 [INF] HTTP GET /api-docs/index.html responded 200 in 455.0903 ms
2026-02-21 02:06:57.780 +06:00 [INF] HTTP GET /api-docs/v1/swagger.json responded 200 in 856.7309 ms
2026-02-21 02:08:17.407 +06:00 [WRN] Failed to determine the https port for redirect.
2026-02-21 02:08:18.781 +06:00 [INF] Processing request LoginCommand
2026-02-21 02:08:21.998 +06:00 [INF] Completed request LoginCommand in 3203ms
2026-02-21 02:08:22.074 +06:00 [INF] HTTP POST /api/Auth/login responded 200 in 4814.6701 ms
2026-02-21 02:09:08.370 +06:00 [INF] HTTP GET /api/v1/rates responded 200 in 1503.6856 ms
2026-02-21 02:09:46.776 +06:00 [INF] Processing request GetRateByCodeQuery
2026-02-21 02:09:47.084 +06:00 [INF] Completed request GetRateByCodeQuery in 306ms
2026-02-21 02:09:47.113 +06:00 [INF] HTTP GET /api/v1/rates/BDT responded 200 in 422.0018 ms
2026-02-21 02:10:05.632 +06:00 [INF] HTTP GET /api/v1/convert responded 200 in 345.7251 ms
2026-02-21 02:10:21.586 +06:00 [INF] HTTP GET /api/public/rates responded 200 in 406.0654 ms
2026-02-21 02:10:44.509 +06:00 [INF] HTTP GET /api/public/convert responded 200 in 667.6143 ms
2026-02-21 02:10:59.743 +06:00 [INF] HTTP GET /api/public/currencies responded 200 in 890.5641 ms
2026-02-21 02:11:11.813 +06:00 [INF] Processing request GetUserProfileQuery
2026-02-21 02:11:12.172 +06:00 [INF] Completed request GetUserProfileQuery in 356ms
2026-02-21 02:11:12.188 +06:00 [INF] HTTP GET /api/user/profile responded 200 in 476.8208 ms
2026-02-21 02:11:34.350 +06:00 [INF] Processing request UpdateProfileCommand
2026-02-21 02:11:35.071 +06:00 [INF] Completed request UpdateProfileCommand in 717ms
2026-02-21 02:11:35.083 +06:00 [INF] HTTP PUT /api/user/profile responded 200 in 833.0399 ms
2026-02-21 02:11:42.307 +06:00 [INF] Processing request GetUserProfileQuery
2026-02-21 02:11:42.576 +06:00 [INF] Completed request GetUserProfileQuery in 264ms
2026-02-21 02:11:42.579 +06:00 [INF] HTTP GET /api/user/profile responded 200 in 279.5774 ms
2026-02-21 02:11:53.921 +06:00 [INF] Processing request GetUserDashboardQuery
2026-02-21 02:11:53.929 +06:00 [INF] Processing request GetUserProfileQuery
2026-02-21 02:11:54.200 +06:00 [INF] Completed request GetUserProfileQuery in 268ms
2026-02-21 02:11:54.207 +06:00 [INF] Processing request GetApiKeyQuery
2026-02-21 02:11:55.512 +06:00 [INF] Completed request GetApiKeyQuery in 1301ms
2026-02-21 02:11:55.523 +06:00 [INF] Processing request GetApiKeyUsageQuery
2026-02-21 02:11:56.643 +06:00 [INF] Completed request GetApiKeyUsageQuery in 1115ms
2026-02-21 02:11:56.943 +06:00 [INF] Completed request GetUserDashboardQuery in 3019ms
2026-02-21 02:11:57.027 +06:00 [INF] HTTP GET /api/user/dashboard responded 200 in 3120.3848 ms
2026-02-21 02:22:38.597 +06:00 [INF] Scheduler QuartzScheduler_$_NON_CLUSTERED shutting down.
2026-02-21 02:22:38.685 +06:00 [INF] Scheduler QuartzScheduler_$_NON_CLUSTERED paused.
2026-02-21 02:22:38.745 +06:00 [INF] Scheduler QuartzScheduler_$_NON_CLUSTERED Shutdown complete.
2026-02-21 02:23:13.605 +06:00 [INF] Applying database migrations...
2026-02-21 02:23:20.963 +06:00 [INF] Database migrations applied successfully.
2026-02-21 02:23:20.965 +06:00 [INF] Seeding database...
2026-02-21 02:23:22.034 +06:00 [INF] Admin user with email admin@fxratehub.com already exists
2026-02-21 02:23:22.382 +06:00 [INF] App setting with key SyncIntervalMinutes already exists
2026-02-21 02:23:22.645 +06:00 [INF] App setting with key DailyRequestLimit already exists
2026-02-21 02:23:22.902 +06:00 [INF] App setting with key MaintenanceMode already exists
2026-02-21 02:23:22.909 +06:00 [INF] Database seeding skipped - all records already exist
2026-02-21 02:23:22.914 +06:00 [INF] Database seeding completed.
2026-02-21 02:23:22.917 +06:00 [INF] Performing initial exchange rate sync...
2026-02-21 02:23:23.327 +06:00 [INF] Exchange rates already exist in database (1014 rates). Skipping initial sync.
2026-02-21 02:23:23.340 +06:00 [INF] Initial exchange rate sync completed.
2026-02-21 02:23:23.373 +06:00 [INF] FX Rate Hub API is starting...
2026-02-21 02:23:23.527 +06:00 [INF] Initialized Scheduler Signaller of type: Quartz.Core.SchedulerSignalerImpl
2026-02-21 02:23:23.530 +06:00 [INF] Quartz Scheduler created
2026-02-21 02:23:23.534 +06:00 [INF] JobFactory set to: Quartz.Simpl.MicrosoftDependencyInjectionJobFactory
2026-02-21 02:23:23.539 +06:00 [INF] RAMJobStore initialized.
2026-02-21 02:23:23.545 +06:00 [INF] Quartz Scheduler 3.8.1.0 - 'QuartzScheduler' with instanceId 'NON_CLUSTERED' initialized
2026-02-21 02:23:23.550 +06:00 [INF] Using thread pool 'Quartz.Simpl.DefaultThreadPool', size: 10
2026-02-21 02:23:23.554 +06:00 [INF] Using job store 'Quartz.Simpl.RAMJobStore', supports persistence: False, clustered: False
2026-02-21 02:23:23.600 +06:00 [INF] Adding 2 jobs, 2 triggers.
2026-02-21 02:23:23.613 +06:00 [INF] Adding job: DEFAULT.FxRateSyncJob
2026-02-21 02:23:23.700 +06:00 [INF] Adding job: DEFAULT.DailyResetJob
2026-02-21 02:23:23.961 +06:00 [INF] Scheduler QuartzScheduler_$_NON_CLUSTERED started.
2026-02-21 02:23:51.992 +06:00 [INF] HTTP GET /api-docs/index.html responded 200 in 399.9497 ms
2026-02-21 02:23:55.905 +06:00 [INF] HTTP GET /api-docs/v1/swagger.json responded 200 in 768.9600 ms
2026-02-21 02:24:11.849 +06:00 [WRN] Failed to determine the https port for redirect.
2026-02-21 02:24:13.041 +06:00 [INF] Processing request LoginCommand
2026-02-21 02:24:15.816 +06:00 [INF] Completed request LoginCommand in 2770ms
2026-02-21 02:24:15.873 +06:00 [INF] HTTP POST /api/Auth/login responded 200 in 4249.0590 ms
2026-02-21 02:24:39.434 +06:00 [INF] HTTP GET /api/v1/rates responded 401 in 43.0411 ms
2026-02-21 02:24:54.289 +06:00 [INF] HTTP GET /api/v1/rates/BDT responded 401 in 6.9334 ms
2026-02-21 02:25:13.051 +06:00 [INF] HTTP GET /api/v1/convert responded 401 in 3.9475 ms
2026-02-21 02:25:26.916 +06:00 [INF] Processing request GenerateApiKeyCommand
2026-02-21 02:25:27.667 +06:00 [INF] Completed request GenerateApiKeyCommand in 746ms
2026-02-21 02:25:27.768 +06:00 [INF] HTTP POST /api/apikey/generate responded 201 in 1199.0067 ms
2026-02-21 02:25:41.610 +06:00 [INF] Processing request RegenerateApiKeyCommand
2026-02-21 02:25:43.249 +06:00 [ERR] An exception occurred in the database while saving changes for context type 'FxRateHub.Infrastructure.Persistence.ApplicationDbContext'.
Microsoft.EntityFrameworkCore.DbUpdateException: An error occurred while saving the entity changes. See the inner exception for details.
 ---> Microsoft.Data.SqlClient.SqlException (0x80131904): Cannot insert duplicate key row in object 'dbo.ApiKeys' with unique index 'IX_ApiKeys_UserId'. The duplicate key value is (404040b3-a3bc-4095-94da-bc963717a1f4).
   at Microsoft.Data.SqlClient.SqlConnection.OnError(SqlException exception, Boolean breakConnection, Action`1 wrapCloseInAction)
   at Microsoft.Data.SqlClient.SqlInternalConnection.OnError(SqlException exception, Boolean breakConnection, Action`1 wrapCloseInAction)
   at Microsoft.Data.SqlClient.TdsParser.ThrowExceptionAndWarning(TdsParserStateObject stateObj, Boolean callerHasConnectionLock, Boolean asyncClose)
   at Microsoft.Data.SqlClient.TdsParser.TryRun(RunBehavior runBehavior, SqlCommand cmdHandler, SqlDataReader dataStream, BulkCopySimpleResultSet bulkCopyHandler, TdsParserStateObject stateObj, Boolean& dataReady)
   at Microsoft.Data.SqlClient.SqlDataReader.TryHasMoreRows(Boolean& moreRows)
   at Microsoft.Data.SqlClient.SqlDataReader.TryReadInternal(Boolean setTimeout, Boolean& more)
   at Microsoft.Data.SqlClient.SqlDataReader.ReadAsyncExecute(Task task, Object state)
   at Microsoft.Data.SqlClient.SqlDataReader.InvokeAsyncCall[T](SqlDataReaderBaseAsyncCallContext`1 context)
--- End of stack trace from previous location ---
   at Microsoft.EntityFrameworkCore.Update.AffectedCountModificationCommandBatch.ConsumeResultSetAsync(Int32 startCommandIndex, RelationalDataReader reader, CancellationToken cancellationToken)
ClientConnectionId:8c4ee150-10e5-4385-8214-49ccfa3e1d95
Error Number:2601,State:1,Class:14
   --- End of inner exception stack trace ---
   at Microsoft.EntityFrameworkCore.Update.AffectedCountModificationCommandBatch.ConsumeResultSetAsync(Int32 startCommandIndex, RelationalDataReader reader, CancellationToken cancellationToken)
   at Microsoft.EntityFrameworkCore.Update.AffectedCountModificationCommandBatch.ConsumeAsync(RelationalDataReader reader, CancellationToken cancellationToken)
   at Microsoft.EntityFrameworkCore.Update.ReaderModificationCommandBatch.ExecuteAsync(IRelationalConnection connection, CancellationToken cancellationToken)
   at Microsoft.EntityFrameworkCore.Update.ReaderModificationCommandBatch.ExecuteAsync(IRelationalConnection connection, CancellationToken cancellationToken)
   at Microsoft.EntityFrameworkCore.SqlServer.Update.Internal.SqlServerModificationCommandBatch.ExecuteAsync(IRelationalConnection connection, CancellationToken cancellationToken)
   at Microsoft.EntityFrameworkCore.Update.Internal.BatchExecutor.ExecuteAsync(IEnumerable`1 commandBatches, IRelationalConnection connection, CancellationToken cancellationToken)
   at Microsoft.EntityFrameworkCore.Update.Internal.BatchExecutor.ExecuteAsync(IEnumerable`1 commandBatches, IRelationalConnection connection, CancellationToken cancellationToken)
   at Microsoft.EntityFrameworkCore.Update.Internal.BatchExecutor.ExecuteAsync(IEnumerable`1 commandBatches, IRelationalConnection connection, CancellationToken cancellationToken)
   at Microsoft.EntityFrameworkCore.ChangeTracking.Internal.StateManager.SaveChangesAsync(IList`1 entriesToSave, CancellationToken cancellationToken)
   at Microsoft.EntityFrameworkCore.ChangeTracking.Internal.StateManager.SaveChangesAsync(StateManager stateManager, Boolean acceptAllChangesOnSuccess, CancellationToken cancellationToken)
   at Microsoft.EntityFrameworkCore.SqlServer.Storage.Internal.SqlServerExecutionStrategy.ExecuteAsync[TState,TResult](TState state, Func`4 operation, Func`4 verifySucceeded, CancellationToken cancellationToken)
   at Microsoft.EntityFrameworkCore.DbContext.SaveChangesAsync(Boolean acceptAllChangesOnSuccess, CancellationToken cancellationToken)
Microsoft.EntityFrameworkCore.DbUpdateException: An error occurred while saving the entity changes. See the inner exception for details.
 ---> Microsoft.Data.SqlClient.SqlException (0x80131904): Cannot insert duplicate key row in object 'dbo.ApiKeys' with unique index 'IX_ApiKeys_UserId'. The duplicate key value is (404040b3-a3bc-4095-94da-bc963717a1f4).
   at Microsoft.Data.SqlClient.SqlConnection.OnError(SqlException exception, Boolean breakConnection, Action`1 wrapCloseInAction)
   at Microsoft.Data.SqlClient.SqlInternalConnection.OnError(SqlException exception, Boolean breakConnection, Action`1 wrapCloseInAction)
   at Microsoft.Data.SqlClient.TdsParser.ThrowExceptionAndWarning(TdsParserStateObject stateObj, Boolean callerHasConnectionLock, Boolean asyncClose)
   at Microsoft.Data.SqlClient.TdsParser.TryRun(RunBehavior runBehavior, SqlCommand cmdHandler, SqlDataReader dataStream, BulkCopySimpleResultSet bulkCopyHandler, TdsParserStateObject stateObj, Boolean& dataReady)
   at Microsoft.Data.SqlClient.SqlDataReader.TryHasMoreRows(Boolean& moreRows)
   at Microsoft.Data.SqlClient.SqlDataReader.TryReadInternal(Boolean setTimeout, Boolean& more)
   at Microsoft.Data.SqlClient.SqlDataReader.ReadAsyncExecute(Task task, Object state)
   at Microsoft.Data.SqlClient.SqlDataReader.InvokeAsyncCall[T](SqlDataReaderBaseAsyncCallContext`1 context)
--- End of stack trace from previous location ---
   at Microsoft.EntityFrameworkCore.Update.AffectedCountModificationCommandBatch.ConsumeResultSetAsync(Int32 startCommandIndex, RelationalDataReader reader, CancellationToken cancellationToken)
ClientConnectionId:8c4ee150-10e5-4385-8214-49ccfa3e1d95
Error Number:2601,State:1,Class:14
   --- End of inner exception stack trace ---
   at Microsoft.EntityFrameworkCore.Update.AffectedCountModificationCommandBatch.ConsumeResultSetAsync(Int32 startCommandIndex, RelationalDataReader reader, CancellationToken cancellationToken)
   at Microsoft.EntityFrameworkCore.Update.AffectedCountModificationCommandBatch.ConsumeAsync(RelationalDataReader reader, CancellationToken cancellationToken)
   at Microsoft.EntityFrameworkCore.Update.ReaderModificationCommandBatch.ExecuteAsync(IRelationalConnection connection, CancellationToken cancellationToken)
   at Microsoft.EntityFrameworkCore.Update.ReaderModificationCommandBatch.ExecuteAsync(IRelationalConnection connection, CancellationToken cancellationToken)
   at Microsoft.EntityFrameworkCore.SqlServer.Update.Internal.SqlServerModificationCommandBatch.ExecuteAsync(IRelationalConnection connection, CancellationToken cancellationToken)
   at Microsoft.EntityFrameworkCore.Update.Internal.BatchExecutor.ExecuteAsync(IEnumerable`1 commandBatches, IRelationalConnection connection, CancellationToken cancellationToken)
   at Microsoft.EntityFrameworkCore.Update.Internal.BatchExecutor.ExecuteAsync(IEnumerable`1 commandBatches, IRelationalConnection connection, CancellationToken cancellationToken)
   at Microsoft.EntityFrameworkCore.Update.Internal.BatchExecutor.ExecuteAsync(IEnumerable`1 commandBatches, IRelationalConnection connection, CancellationToken cancellationToken)
   at Microsoft.EntityFrameworkCore.ChangeTracking.Internal.StateManager.SaveChangesAsync(IList`1 entriesToSave, CancellationToken cancellationToken)
   at Microsoft.EntityFrameworkCore.ChangeTracking.Internal.StateManager.SaveChangesAsync(StateManager stateManager, Boolean acceptAllChangesOnSuccess, CancellationToken cancellationToken)
   at Microsoft.EntityFrameworkCore.SqlServer.Storage.Internal.SqlServerExecutionStrategy.ExecuteAsync[TState,TResult](TState state, Func`4 operation, Func`4 verifySucceeded, CancellationToken cancellationToken)
   at Microsoft.EntityFrameworkCore.DbContext.SaveChangesAsync(Boolean acceptAllChangesOnSuccess, CancellationToken cancellationToken)
2026-02-21 02:25:43.267 +06:00 [ERR] Error processing request RegenerateApiKeyCommand: An error occurred while saving the entity changes. See the inner exception for details.
Microsoft.EntityFrameworkCore.DbUpdateException: An error occurred while saving the entity changes. See the inner exception for details.
 ---> Microsoft.Data.SqlClient.SqlException (0x80131904): Cannot insert duplicate key row in object 'dbo.ApiKeys' with unique index 'IX_ApiKeys_UserId'. The duplicate key value is (404040b3-a3bc-4095-94da-bc963717a1f4).
   at Microsoft.Data.SqlClient.SqlConnection.OnError(SqlException exception, Boolean breakConnection, Action`1 wrapCloseInAction)
   at Microsoft.Data.SqlClient.SqlInternalConnection.OnError(SqlException exception, Boolean breakConnection, Action`1 wrapCloseInAction)
   at Microsoft.Data.SqlClient.TdsParser.ThrowExceptionAndWarning(TdsParserStateObject stateObj, Boolean callerHasConnectionLock, Boolean asyncClose)
   at Microsoft.Data.SqlClient.TdsParser.TryRun(RunBehavior runBehavior, SqlCommand cmdHandler, SqlDataReader dataStream, BulkCopySimpleResultSet bulkCopyHandler, TdsParserStateObject stateObj, Boolean& dataReady)
   at Microsoft.Data.SqlClient.SqlDataReader.TryHasMoreRows(Boolean& moreRows)
   at Microsoft.Data.SqlClient.SqlDataReader.TryReadInternal(Boolean setTimeout, Boolean& more)
   at Microsoft.Data.SqlClient.SqlDataReader.ReadAsyncExecute(Task task, Object state)
   at Microsoft.Data.SqlClient.SqlDataReader.InvokeAsyncCall[T](SqlDataReaderBaseAsyncCallContext`1 context)
--- End of stack trace from previous location ---
   at Microsoft.EntityFrameworkCore.Update.AffectedCountModificationCommandBatch.ConsumeResultSetAsync(Int32 startCommandIndex, RelationalDataReader reader, CancellationToken cancellationToken)
ClientConnectionId:8c4ee150-10e5-4385-8214-49ccfa3e1d95
Error Number:2601,State:1,Class:14
   --- End of inner exception stack trace ---
   at Microsoft.EntityFrameworkCore.Update.AffectedCountModificationCommandBatch.ConsumeResultSetAsync(Int32 startCommandIndex, RelationalDataReader reader, CancellationToken cancellationToken)
   at Microsoft.EntityFrameworkCore.Update.AffectedCountModificationCommandBatch.ConsumeAsync(RelationalDataReader reader, CancellationToken cancellationToken)
   at Microsoft.EntityFrameworkCore.Update.ReaderModificationCommandBatch.ExecuteAsync(IRelationalConnection connection, CancellationToken cancellationToken)
   at Microsoft.EntityFrameworkCore.Update.ReaderModificationCommandBatch.ExecuteAsync(IRelationalConnection connection, CancellationToken cancellationToken)
   at Microsoft.EntityFrameworkCore.SqlServer.Update.Internal.SqlServerModificationCommandBatch.ExecuteAsync(IRelationalConnection connection, CancellationToken cancellationToken)
   at Microsoft.EntityFrameworkCore.Update.Internal.BatchExecutor.ExecuteAsync(IEnumerable`1 commandBatches, IRelationalConnection connection, CancellationToken cancellationToken)
   at Microsoft.EntityFrameworkCore.Update.Internal.BatchExecutor.ExecuteAsync(IEnumerable`1 commandBatches, IRelationalConnection connection, CancellationToken cancellationToken)
   at Microsoft.EntityFrameworkCore.Update.Internal.BatchExecutor.ExecuteAsync(IEnumerable`1 commandBatches, IRelationalConnection connection, CancellationToken cancellationToken)
   at Microsoft.EntityFrameworkCore.ChangeTracking.Internal.StateManager.SaveChangesAsync(IList`1 entriesToSave, CancellationToken cancellationToken)
   at Microsoft.EntityFrameworkCore.ChangeTracking.Internal.StateManager.SaveChangesAsync(StateManager stateManager, Boolean acceptAllChangesOnSuccess, CancellationToken cancellationToken)
   at Microsoft.EntityFrameworkCore.SqlServer.Storage.Internal.SqlServerExecutionStrategy.ExecuteAsync[TState,TResult](TState state, Func`4 operation, Func`4 verifySucceeded, CancellationToken cancellationToken)
   at Microsoft.EntityFrameworkCore.DbContext.SaveChangesAsync(Boolean acceptAllChangesOnSuccess, CancellationToken cancellationToken)
   at Microsoft.EntityFrameworkCore.DbContext.SaveChangesAsync(Boolean acceptAllChangesOnSuccess, CancellationToken cancellationToken)
   at FxRateHub.Infrastructure.Persistence.ApplicationDbContext.SaveChangesAsync(CancellationToken cancellationToken) in /media/mainul/Software/FxRateHub/src/FxRateHub.Infrastructure/Persistence/ApplicationDbContext.cs:line 99
   at FxRateHub.Application.Features.ApiKeys.Commands.RegenerateApiKeyCommandHandler.Handle(RegenerateApiKeyCommand request, CancellationToken cancellationToken) in /media/mainul/Software/FxRateHub/src/FxRateHub.Application/Features/ApiKeys/Commands/RegenerateApiKeyCommand.cs:line 74
   at FxRateHub.Application.Common.Behaviors.LoggingBehavior`2.Handle(TRequest request, RequestHandlerDelegate`1 next, CancellationToken cancellationToken) in /media/mainul/Software/FxRateHub/src/FxRateHub.Application/Common/Behaviors/LoggingBehavior.cs:line 30
2026-02-21 02:25:43.311 +06:00 [INF] HTTP POST /api/apikey/regenerate responded 400 in 1734.8633 ms
2026-02-21 02:36:01.992 +06:00 [INF] Scheduler QuartzScheduler_$_NON_CLUSTERED shutting down.
2026-02-21 02:36:02.080 +06:00 [INF] Scheduler QuartzScheduler_$_NON_CLUSTERED paused.
2026-02-21 02:36:02.186 +06:00 [INF] Scheduler QuartzScheduler_$_NON_CLUSTERED Shutdown complete.
2026-02-21 02:36:40.093 +06:00 [INF] Applying database migrations...
2026-02-21 02:36:50.216 +06:00 [INF] Database migrations applied successfully.
2026-02-21 02:36:50.248 +06:00 [INF] Seeding database...
2026-02-21 02:36:52.167 +06:00 [INF] Admin user with email admin@fxratehub.com already exists
2026-02-21 02:36:52.563 +06:00 [INF] App setting with key SyncIntervalMinutes already exists
2026-02-21 02:36:52.817 +06:00 [INF] App setting with key DailyRequestLimit already exists
2026-02-21 02:36:53.078 +06:00 [INF] App setting with key MaintenanceMode already exists
2026-02-21 02:36:53.084 +06:00 [INF] Database seeding skipped - all records already exist
2026-02-21 02:36:53.090 +06:00 [INF] Database seeding completed.
2026-02-21 02:36:53.096 +06:00 [INF] Performing initial exchange rate sync...
2026-02-21 02:36:53.643 +06:00 [INF] Exchange rates already exist in database (1014 rates). Skipping initial sync.
2026-02-21 02:36:53.675 +06:00 [INF] Initial exchange rate sync completed.
2026-02-21 02:36:53.708 +06:00 [INF] FX Rate Hub API is starting...
2026-02-21 02:36:54.250 +06:00 [INF] Initialized Scheduler Signaller of type: Quartz.Core.SchedulerSignalerImpl
2026-02-21 02:36:54.258 +06:00 [INF] Quartz Scheduler created
2026-02-21 02:36:54.267 +06:00 [INF] JobFactory set to: Quartz.Simpl.MicrosoftDependencyInjectionJobFactory
2026-02-21 02:36:54.271 +06:00 [INF] RAMJobStore initialized.
2026-02-21 02:36:54.274 +06:00 [INF] Quartz Scheduler 3.8.1.0 - 'QuartzScheduler' with instanceId 'NON_CLUSTERED' initialized
2026-02-21 02:36:54.279 +06:00 [INF] Using thread pool 'Quartz.Simpl.DefaultThreadPool', size: 10
2026-02-21 02:36:54.283 +06:00 [INF] Using job store 'Quartz.Simpl.RAMJobStore', supports persistence: False, clustered: False
2026-02-21 02:36:54.334 +06:00 [INF] Adding 2 jobs, 2 triggers.
2026-02-21 02:36:54.351 +06:00 [INF] Adding job: DEFAULT.FxRateSyncJob
2026-02-21 02:36:54.451 +06:00 [INF] Adding job: DEFAULT.DailyResetJob
2026-02-21 02:36:55.173 +06:00 [INF] Scheduler QuartzScheduler_$_NON_CLUSTERED started.
2026-02-21 02:37:03.348 +06:00 [INF] HTTP GET /api-docs/index.html responded 200 in 419.7565 ms
2026-02-21 02:37:06.766 +06:00 [INF] HTTP GET /api-docs/v1/swagger.json responded 200 in 965.2396 ms
2026-02-21 02:37:22.943 +06:00 [WRN] Failed to determine the https port for redirect.
2026-02-21 02:37:23.844 +06:00 [INF] Processing request LoginCommand
2026-02-21 02:37:27.012 +06:00 [INF] Completed request LoginCommand in 3154ms
2026-02-21 02:37:27.479 +06:00 [INF] HTTP POST /api/Auth/login responded 200 in 4785.5269 ms
2026-02-21 02:37:49.000 +06:00 [INF] HTTP GET /api-docs/index.html responded 200 in 45.7834 ms
2026-02-21 02:37:50.658 +06:00 [INF] HTTP GET /api-docs/v1/swagger.json responded 200 in 211.7816 ms
2026-02-21 02:38:23.085 +06:00 [INF] Processing request LoginCommand
2026-02-21 02:38:25.567 +06:00 [INF] Completed request LoginCommand in 2409ms
2026-02-21 02:38:25.657 +06:00 [INF] HTTP POST /api/Auth/login responded 200 in 3034.0148 ms
2026-02-21 02:39:14.726 +06:00 [INF] Processing request GenerateApiKeyCommand
2026-02-21 02:39:15.948 +06:00 [INF] Completed request GenerateApiKeyCommand in 1202ms
2026-02-21 02:39:16.454 +06:00 [INF] HTTP POST /api/apikey/generate responded 201 in 2749.3029 ms
2026-02-21 02:39:40.116 +06:00 [INF] Processing request RegenerateApiKeyCommand
2026-02-21 02:39:45.758 +06:00 [INF] Completed request RegenerateApiKeyCommand in 5568ms
2026-02-21 02:39:46.632 +06:00 [INF] HTTP POST /api/apikey/regenerate responded 201 in 6965.2525 ms
2026-02-21 02:40:40.940 +06:00 [INF] HTTP GET /api/v1/rates responded 200 in 4772.1183 ms
2026-02-21 02:41:01.719 +06:00 [INF] HTTP GET /api/v1/rates responded 401 in 93.8584 ms
2026-02-21 02:41:43.056 +06:00 [INF] HTTP GET /api/v1/rates responded 200 in 2462.5672 ms
2026-02-21 02:41:58.314 +06:00 [INF] Processing request GetUserDashboardQuery
2026-02-21 02:41:58.346 +06:00 [INF] Processing request GetUserProfileQuery
2026-02-21 02:41:58.786 +06:00 [INF] Completed request GetUserProfileQuery in 431ms
2026-02-21 02:41:58.798 +06:00 [INF] Processing request GetApiKeyQuery
2026-02-21 02:41:59.863 +06:00 [INF] Completed request GetApiKeyQuery in 1058ms
2026-02-21 02:41:59.874 +06:00 [INF] Processing request GetApiKeyUsageQuery
2026-02-21 02:42:00.805 +06:00 [INF] Completed request GetApiKeyUsageQuery in 922ms
2026-02-21 02:42:01.321 +06:00 [INF] Completed request GetUserDashboardQuery in 2995ms
2026-02-21 02:42:01.518 +06:00 [INF] HTTP GET /api/user/dashboard responded 200 in 3380.1000 ms
2026-02-21 02:44:33.062 +06:00 [INF] HTTP GET /api-docs/index.html responded 200 in 45.3846 ms
2026-02-21 02:44:35.983 +06:00 [INF] HTTP GET /api-docs/v1/swagger.json responded 200 in 316.5419 ms
2026-02-21 02:47:00.918 +06:00 [INF] Processing request LoginCommand
2026-02-21 02:47:04.716 +06:00 [INF] Completed request LoginCommand in 3552ms
2026-02-21 02:47:04.739 +06:00 [INF] HTTP POST /api/Auth/login responded 200 in 4105.5462 ms
2026-02-21 02:47:33.061 +06:00 [INF] Processing request GetAllUsersQuery
2026-02-21 02:47:33.752 +06:00 [INF] Completed request GetAllUsersQuery in 688ms
2026-02-21 02:47:33.819 +06:00 [INF] HTTP GET /api/admin/users responded 200 in 1074.9621 ms
2026-02-21 02:48:01.084 +06:00 [INF] Processing request GetUserByIdQuery
2026-02-21 02:48:01.389 +06:00 [INF] Completed request GetUserByIdQuery in 300ms
2026-02-21 02:48:01.394 +06:00 [INF] HTTP GET /api/admin/users/404040b3-a3bc-4095-94da-bc963717a1f4 responded 200 in 357.8506 ms
2026-02-21 02:48:16.175 +06:00 [INF] Processing request BlockUserCommand
2026-02-21 02:48:16.786 +06:00 [INF] Completed request BlockUserCommand in 603ms
2026-02-21 02:48:16.794 +06:00 [INF] HTTP PUT /api/admin/users/404040b3-a3bc-4095-94da-bc963717a1f4/block responded 200 in 702.9615 ms
2026-02-21 02:48:43.659 +06:00 [INF] Processing request BlockUserCommand
2026-02-21 02:48:44.388 +06:00 [INF] Completed request BlockUserCommand in 693ms
2026-02-21 02:48:44.451 +06:00 [INF] HTTP PUT /api/admin/users/404040b3-a3bc-4095-94da-bc963717a1f4/block responded 200 in 1110.7078 ms
2026-02-21 02:49:01.564 +06:00 [INF] Processing request GetDashboardStatsQuery
2026-02-21 02:49:04.332 +06:00 [INF] Completed request GetDashboardStatsQuery in 2766ms
2026-02-21 02:49:04.388 +06:00 [INF] HTTP GET /api/admin/statistics responded 200 in 3060.7384 ms
2026-02-21 02:49:42.774 +06:00 [INF] Processing request GetAllSettingsQuery
2026-02-21 02:49:43.320 +06:00 [INF] Completed request GetAllSettingsQuery in 516ms
2026-02-21 02:49:43.357 +06:00 [INF] HTTP GET /api/admin/settings responded 200 in 809.2767 ms
2026-02-21 02:50:23.476 +06:00 [INF] Processing request SyncExchangeRatesCommand
2026-02-21 02:50:23.512 +06:00 [INF] Fetching latest exchange rates from provider for base currency USD
2026-02-21 02:50:23.561 +06:00 [INF] Fetching latest exchange rates from CurrencyFreaks for base currency: USD
2026-02-21 02:50:23.619 +06:00 [INF] Start processing HTTP request GET https://api.currencyfreaks.com/v2.0/rates/latest?apikey=464a3f27f4e44fbaae4d57044ec364e9&base=USD
2026-02-21 02:50:23.638 +06:00 [INF] Sending HTTP request GET https://api.currencyfreaks.com/v2.0/rates/latest?apikey=464a3f27f4e44fbaae4d57044ec364e9&base=USD
2026-02-21 02:50:24.744 +06:00 [INF] Received HTTP response headers after 1086.2942ms - 200
2026-02-21 02:50:24.759 +06:00 [INF] End processing HTTP request after 1165.7631ms - 200
2026-02-21 02:50:24.841 +06:00 [INF] Successfully retrieved 1014 exchange rates from CurrencyFreaks
2026-02-21 02:50:24.842 +06:00 [INF] Fetched 1014 exchange rates from provider
2026-02-21 02:50:24.844 +06:00 [INF] Archiving existing exchange rates to history
2026-02-21 02:50:25.956 +06:00 [INF] Archived 1014 exchange rate records to history
2026-02-21 02:50:27.316 +06:00 [ERR] An exception occurred in the database while saving changes for context type 'FxRateHub.Infrastructure.Persistence.ApplicationDbContext'.
Microsoft.EntityFrameworkCore.DbUpdateException: An error occurred while saving the entity changes. See the inner exception for details.
 ---> Microsoft.Data.SqlClient.SqlException (0x80131904): String or binary data would be truncated in table 'fxrately_db.dbo.ExchangeRateHistory', column 'TargetCurrency'. Truncated value: 'AGL'.
   at Microsoft.Data.SqlClient.SqlConnection.OnError(SqlException exception, Boolean breakConnection, Action`1 wrapCloseInAction)
   at Microsoft.Data.SqlClient.SqlInternalConnection.OnError(SqlException exception, Boolean breakConnection, Action`1 wrapCloseInAction)
   at Microsoft.Data.SqlClient.TdsParser.ThrowExceptionAndWarning(TdsParserStateObject stateObj, Boolean callerHasConnectionLock, Boolean asyncClose)
   at Microsoft.Data.SqlClient.TdsParser.TryRun(RunBehavior runBehavior, SqlCommand cmdHandler, SqlDataReader dataStream, BulkCopySimpleResultSet bulkCopyHandler, TdsParserStateObject stateObj, Boolean& dataReady)
   at Microsoft.Data.SqlClient.SqlDataReader.TryHasMoreRows(Boolean& moreRows)
   at Microsoft.Data.SqlClient.SqlDataReader.TryReadInternal(Boolean setTimeout, Boolean& more)
   at Microsoft.Data.SqlClient.SqlDataReader.ReadAsyncExecute(Task task, Object state)
   at Microsoft.Data.SqlClient.SqlDataReader.InvokeAsyncCall[T](SqlDataReaderBaseAsyncCallContext`1 context)
--- End of stack trace from previous location ---
   at Microsoft.EntityFrameworkCore.Update.AffectedCountModificationCommandBatch.ConsumeResultSetAsync(Int32 startCommandIndex, RelationalDataReader reader, CancellationToken cancellationToken)
ClientConnectionId:3f16265b-1ef8-46fb-b5f1-448299b09b42
Error Number:2628,State:1,Class:16
   --- End of inner exception stack trace ---
   at Microsoft.EntityFrameworkCore.Update.AffectedCountModificationCommandBatch.ConsumeResultSetAsync(Int32 startCommandIndex, RelationalDataReader reader, CancellationToken cancellationToken)
   at Microsoft.EntityFrameworkCore.Update.AffectedCountModificationCommandBatch.ConsumeAsync(RelationalDataReader reader, CancellationToken cancellationToken)
   at Microsoft.EntityFrameworkCore.Update.ReaderModificationCommandBatch.ExecuteAsync(IRelationalConnection connection, CancellationToken cancellationToken)
   at Microsoft.EntityFrameworkCore.Update.ReaderModificationCommandBatch.ExecuteAsync(IRelationalConnection connection, CancellationToken cancellationToken)
   at Microsoft.EntityFrameworkCore.SqlServer.Update.Internal.SqlServerModificationCommandBatch.ExecuteAsync(IRelationalConnection connection, CancellationToken cancellationToken)
   at Microsoft.EntityFrameworkCore.Update.Internal.BatchExecutor.ExecuteAsync(IEnumerable`1 commandBatches, IRelationalConnection connection, CancellationToken cancellationToken)
   at Microsoft.EntityFrameworkCore.Update.Internal.BatchExecutor.ExecuteAsync(IEnumerable`1 commandBatches, IRelationalConnection connection, CancellationToken cancellationToken)
   at Microsoft.EntityFrameworkCore.Update.Internal.BatchExecutor.ExecuteAsync(IEnumerable`1 commandBatches, IRelationalConnection connection, CancellationToken cancellationToken)
   at Microsoft.EntityFrameworkCore.ChangeTracking.Internal.StateManager.SaveChangesAsync(IList`1 entriesToSave, CancellationToken cancellationToken)
   at Microsoft.EntityFrameworkCore.ChangeTracking.Internal.StateManager.SaveChangesAsync(StateManager stateManager, Boolean acceptAllChangesOnSuccess, CancellationToken cancellationToken)
   at Microsoft.EntityFrameworkCore.SqlServer.Storage.Internal.SqlServerExecutionStrategy.ExecuteAsync[TState,TResult](TState state, Func`4 operation, Func`4 verifySucceeded, CancellationToken cancellationToken)
   at Microsoft.EntityFrameworkCore.DbContext.SaveChangesAsync(Boolean acceptAllChangesOnSuccess, CancellationToken cancellationToken)
Microsoft.EntityFrameworkCore.DbUpdateException: An error occurred while saving the entity changes. See the inner exception for details.
 ---> Microsoft.Data.SqlClient.SqlException (0x80131904): String or binary data would be truncated in table 'fxrately_db.dbo.ExchangeRateHistory', column 'TargetCurrency'. Truncated value: 'AGL'.
   at Microsoft.Data.SqlClient.SqlConnection.OnError(SqlException exception, Boolean breakConnection, Action`1 wrapCloseInAction)
   at Microsoft.Data.SqlClient.SqlInternalConnection.OnError(SqlException exception, Boolean breakConnection, Action`1 wrapCloseInAction)
   at Microsoft.Data.SqlClient.TdsParser.ThrowExceptionAndWarning(TdsParserStateObject stateObj, Boolean callerHasConnectionLock, Boolean asyncClose)
   at Microsoft.Data.SqlClient.TdsParser.TryRun(RunBehavior runBehavior, SqlCommand cmdHandler, SqlDataReader dataStream, BulkCopySimpleResultSet bulkCopyHandler, TdsParserStateObject stateObj, Boolean& dataReady)
   at Microsoft.Data.SqlClient.SqlDataReader.TryHasMoreRows(Boolean& moreRows)
   at Microsoft.Data.SqlClient.SqlDataReader.TryReadInternal(Boolean setTimeout, Boolean& more)
   at Microsoft.Data.SqlClient.SqlDataReader.ReadAsyncExecute(Task task, Object state)
   at Microsoft.Data.SqlClient.SqlDataReader.InvokeAsyncCall[T](SqlDataReaderBaseAsyncCallContext`1 context)
--- End of stack trace from previous location ---
   at Microsoft.EntityFrameworkCore.Update.AffectedCountModificationCommandBatch.ConsumeResultSetAsync(Int32 startCommandIndex, RelationalDataReader reader, CancellationToken cancellationToken)
ClientConnectionId:3f16265b-1ef8-46fb-b5f1-448299b09b42
Error Number:2628,State:1,Class:16
   --- End of inner exception stack trace ---
   at Microsoft.EntityFrameworkCore.Update.AffectedCountModificationCommandBatch.ConsumeResultSetAsync(Int32 startCommandIndex, RelationalDataReader reader, CancellationToken cancellationToken)
   at Microsoft.EntityFrameworkCore.Update.AffectedCountModificationCommandBatch.ConsumeAsync(RelationalDataReader reader, CancellationToken cancellationToken)
   at Microsoft.EntityFrameworkCore.Update.ReaderModificationCommandBatch.ExecuteAsync(IRelationalConnection connection, CancellationToken cancellationToken)
   at Microsoft.EntityFrameworkCore.Update.ReaderModificationCommandBatch.ExecuteAsync(IRelationalConnection connection, CancellationToken cancellationToken)
   at Microsoft.EntityFrameworkCore.SqlServer.Update.Internal.SqlServerModificationCommandBatch.ExecuteAsync(IRelationalConnection connection, CancellationToken cancellationToken)
   at Microsoft.EntityFrameworkCore.Update.Internal.BatchExecutor.ExecuteAsync(IEnumerable`1 commandBatches, IRelationalConnection connection, CancellationToken cancellationToken)
   at Microsoft.EntityFrameworkCore.Update.Internal.BatchExecutor.ExecuteAsync(IEnumerable`1 commandBatches, IRelationalConnection connection, CancellationToken cancellationToken)
   at Microsoft.EntityFrameworkCore.Update.Internal.BatchExecutor.ExecuteAsync(IEnumerable`1 commandBatches, IRelationalConnection connection, CancellationToken cancellationToken)
   at Microsoft.EntityFrameworkCore.ChangeTracking.Internal.StateManager.SaveChangesAsync(IList`1 entriesToSave, CancellationToken cancellationToken)
   at Microsoft.EntityFrameworkCore.ChangeTracking.Internal.StateManager.SaveChangesAsync(StateManager stateManager, Boolean acceptAllChangesOnSuccess, CancellationToken cancellationToken)
   at Microsoft.EntityFrameworkCore.SqlServer.Storage.Internal.SqlServerExecutionStrategy.ExecuteAsync[TState,TResult](TState state, Func`4 operation, Func`4 verifySucceeded, CancellationToken cancellationToken)
   at Microsoft.EntityFrameworkCore.DbContext.SaveChangesAsync(Boolean acceptAllChangesOnSuccess, CancellationToken cancellationToken)
2026-02-21 02:50:27.336 +06:00 [ERR] Error occurred while syncing exchange rates
Microsoft.EntityFrameworkCore.DbUpdateException: An error occurred while saving the entity changes. See the inner exception for details.
 ---> Microsoft.Data.SqlClient.SqlException (0x80131904): String or binary data would be truncated in table 'fxrately_db.dbo.ExchangeRateHistory', column 'TargetCurrency'. Truncated value: 'AGL'.
   at Microsoft.Data.SqlClient.SqlConnection.OnError(SqlException exception, Boolean breakConnection, Action`1 wrapCloseInAction)
   at Microsoft.Data.SqlClient.SqlInternalConnection.OnError(SqlException exception, Boolean breakConnection, Action`1 wrapCloseInAction)
   at Microsoft.Data.SqlClient.TdsParser.ThrowExceptionAndWarning(TdsParserStateObject stateObj, Boolean callerHasConnectionLock, Boolean asyncClose)
   at Microsoft.Data.SqlClient.TdsParser.TryRun(RunBehavior runBehavior, SqlCommand cmdHandler, SqlDataReader dataStream, BulkCopySimpleResultSet bulkCopyHandler, TdsParserStateObject stateObj, Boolean& dataReady)
   at Microsoft.Data.SqlClient.SqlDataReader.TryHasMoreRows(Boolean& moreRows)
   at Microsoft.Data.SqlClient.SqlDataReader.TryReadInternal(Boolean setTimeout, Boolean& more)
   at Microsoft.Data.SqlClient.SqlDataReader.ReadAsyncExecute(Task task, Object state)
   at Microsoft.Data.SqlClient.SqlDataReader.InvokeAsyncCall[T](SqlDataReaderBaseAsyncCallContext`1 context)
--- End of stack trace from previous location ---
   at Microsoft.EntityFrameworkCore.Update.AffectedCountModificationCommandBatch.ConsumeResultSetAsync(Int32 startCommandIndex, RelationalDataReader reader, CancellationToken cancellationToken)
ClientConnectionId:3f16265b-1ef8-46fb-b5f1-448299b09b42
Error Number:2628,State:1,Class:16
   --- End of inner exception stack trace ---
   at Microsoft.EntityFrameworkCore.Update.AffectedCountModificationCommandBatch.ConsumeResultSetAsync(Int32 startCommandIndex, RelationalDataReader reader, CancellationToken cancellationToken)
   at Microsoft.EntityFrameworkCore.Update.AffectedCountModificationCommandBatch.ConsumeAsync(RelationalDataReader reader, CancellationToken cancellationToken)
   at Microsoft.EntityFrameworkCore.Update.ReaderModificationCommandBatch.ExecuteAsync(IRelationalConnection connection, CancellationToken cancellationToken)
   at Microsoft.EntityFrameworkCore.Update.ReaderModificationCommandBatch.ExecuteAsync(IRelationalConnection connection, CancellationToken cancellationToken)
   at Microsoft.EntityFrameworkCore.SqlServer.Update.Internal.SqlServerModificationCommandBatch.ExecuteAsync(IRelationalConnection connection, CancellationToken cancellationToken)
   at Microsoft.EntityFrameworkCore.Update.Internal.BatchExecutor.ExecuteAsync(IEnumerable`1 commandBatches, IRelationalConnection connection, CancellationToken cancellationToken)
   at Microsoft.EntityFrameworkCore.Update.Internal.BatchExecutor.ExecuteAsync(IEnumerable`1 commandBatches, IRelationalConnection connection, CancellationToken cancellationToken)
   at Microsoft.EntityFrameworkCore.Update.Internal.BatchExecutor.ExecuteAsync(IEnumerable`1 commandBatches, IRelationalConnection connection, CancellationToken cancellationToken)
   at Microsoft.EntityFrameworkCore.ChangeTracking.Internal.StateManager.SaveChangesAsync(IList`1 entriesToSave, CancellationToken cancellationToken)
   at Microsoft.EntityFrameworkCore.ChangeTracking.Internal.StateManager.SaveChangesAsync(StateManager stateManager, Boolean acceptAllChangesOnSuccess, CancellationToken cancellationToken)
   at Microsoft.EntityFrameworkCore.SqlServer.Storage.Internal.SqlServerExecutionStrategy.ExecuteAsync[TState,TResult](TState state, Func`4 operation, Func`4 verifySucceeded, CancellationToken cancellationToken)
   at Microsoft.EntityFrameworkCore.DbContext.SaveChangesAsync(Boolean acceptAllChangesOnSuccess, CancellationToken cancellationToken)
   at Microsoft.EntityFrameworkCore.DbContext.SaveChangesAsync(Boolean acceptAllChangesOnSuccess, CancellationToken cancellationToken)
   at FxRateHub.Infrastructure.Persistence.ApplicationDbContext.SaveChangesAsync(CancellationToken cancellationToken) in /media/mainul/Software/FxRateHub/src/FxRateHub.Infrastructure/Persistence/ApplicationDbContext.cs:line 99
   at FxRateHub.Application.Features.ExchangeRates.Commands.SyncExchangeRatesCommandHandler.Handle(SyncExchangeRatesCommand request, CancellationToken cancellationToken) in /media/mainul/Software/FxRateHub/src/FxRateHub.Application/Features/ExchangeRates/Commands/SyncExchangeRatesCommandHandler.cs:line 48
2026-02-21 02:50:28.561 +06:00 [ERR] An exception occurred in the database while saving changes for context type 'FxRateHub.Infrastructure.Persistence.ApplicationDbContext'.
Microsoft.EntityFrameworkCore.DbUpdateException: An error occurred while saving the entity changes. See the inner exception for details.
 ---> Microsoft.Data.SqlClient.SqlException (0x80131904): String or binary data would be truncated in table 'fxrately_db.dbo.ExchangeRateHistory', column 'TargetCurrency'. Truncated value: 'AGL'.
   at Microsoft.Data.SqlClient.SqlConnection.OnError(SqlException exception, Boolean breakConnection, Action`1 wrapCloseInAction)
   at Microsoft.Data.SqlClient.SqlInternalConnection.OnError(SqlException exception, Boolean breakConnection, Action`1 wrapCloseInAction)
   at Microsoft.Data.SqlClient.TdsParser.ThrowExceptionAndWarning(TdsParserStateObject stateObj, Boolean callerHasConnectionLock, Boolean asyncClose)
   at Microsoft.Data.SqlClient.TdsParser.TryRun(RunBehavior runBehavior, SqlCommand cmdHandler, SqlDataReader dataStream, BulkCopySimpleResultSet bulkCopyHandler, TdsParserStateObject stateObj, Boolean& dataReady)
   at Microsoft.Data.SqlClient.SqlDataReader.TryHasMoreRows(Boolean& moreRows)
   at Microsoft.Data.SqlClient.SqlDataReader.TryReadInternal(Boolean setTimeout, Boolean& more)
   at Microsoft.Data.SqlClient.SqlDataReader.ReadAsyncExecute(Task task, Object state)
   at Microsoft.Data.SqlClient.SqlDataReader.InvokeAsyncCall[T](SqlDataReaderBaseAsyncCallContext`1 context)
--- End of stack trace from previous location ---
   at Microsoft.EntityFrameworkCore.Update.AffectedCountModificationCommandBatch.ConsumeResultSetAsync(Int32 startCommandIndex, RelationalDataReader reader, CancellationToken cancellationToken)
ClientConnectionId:3f16265b-1ef8-46fb-b5f1-448299b09b42
Error Number:2628,State:1,Class:16
   --- End of inner exception stack trace ---
   at Microsoft.EntityFrameworkCore.Update.AffectedCountModificationCommandBatch.ConsumeResultSetAsync(Int32 startCommandIndex, RelationalDataReader reader, CancellationToken cancellationToken)
   at Microsoft.EntityFrameworkCore.Update.AffectedCountModificationCommandBatch.ConsumeAsync(RelationalDataReader reader, CancellationToken cancellationToken)
   at Microsoft.EntityFrameworkCore.Update.ReaderModificationCommandBatch.ExecuteAsync(IRelationalConnection connection, CancellationToken cancellationToken)
   at Microsoft.EntityFrameworkCore.Update.ReaderModificationCommandBatch.ExecuteAsync(IRelationalConnection connection, CancellationToken cancellationToken)
   at Microsoft.EntityFrameworkCore.SqlServer.Update.Internal.SqlServerModificationCommandBatch.ExecuteAsync(IRelationalConnection connection, CancellationToken cancellationToken)
   at Microsoft.EntityFrameworkCore.Update.Internal.BatchExecutor.ExecuteAsync(IEnumerable`1 commandBatches, IRelationalConnection connection, CancellationToken cancellationToken)
   at Microsoft.EntityFrameworkCore.Update.Internal.BatchExecutor.ExecuteAsync(IEnumerable`1 commandBatches, IRelationalConnection connection, CancellationToken cancellationToken)
   at Microsoft.EntityFrameworkCore.Update.Internal.BatchExecutor.ExecuteAsync(IEnumerable`1 commandBatches, IRelationalConnection connection, CancellationToken cancellationToken)
   at Microsoft.EntityFrameworkCore.ChangeTracking.Internal.StateManager.SaveChangesAsync(IList`1 entriesToSave, CancellationToken cancellationToken)
   at Microsoft.EntityFrameworkCore.ChangeTracking.Internal.StateManager.SaveChangesAsync(StateManager stateManager, Boolean acceptAllChangesOnSuccess, CancellationToken cancellationToken)
   at Microsoft.EntityFrameworkCore.SqlServer.Storage.Internal.SqlServerExecutionStrategy.ExecuteAsync[TState,TResult](TState state, Func`4 operation, Func`4 verifySucceeded, CancellationToken cancellationToken)
   at Microsoft.EntityFrameworkCore.DbContext.SaveChangesAsync(Boolean acceptAllChangesOnSuccess, CancellationToken cancellationToken)
Microsoft.EntityFrameworkCore.DbUpdateException: An error occurred while saving the entity changes. See the inner exception for details.
 ---> Microsoft.Data.SqlClient.SqlException (0x80131904): String or binary data would be truncated in table 'fxrately_db.dbo.ExchangeRateHistory', column 'TargetCurrency'. Truncated value: 'AGL'.
   at Microsoft.Data.SqlClient.SqlConnection.OnError(SqlException exception, Boolean breakConnection, Action`1 wrapCloseInAction)
   at Microsoft.Data.SqlClient.SqlInternalConnection.OnError(SqlException exception, Boolean breakConnection, Action`1 wrapCloseInAction)
   at Microsoft.Data.SqlClient.TdsParser.ThrowExceptionAndWarning(TdsParserStateObject stateObj, Boolean callerHasConnectionLock, Boolean asyncClose)
   at Microsoft.Data.SqlClient.TdsParser.TryRun(RunBehavior runBehavior, SqlCommand cmdHandler, SqlDataReader dataStream, BulkCopySimpleResultSet bulkCopyHandler, TdsParserStateObject stateObj, Boolean& dataReady)
   at Microsoft.Data.SqlClient.SqlDataReader.TryHasMoreRows(Boolean& moreRows)
   at Microsoft.Data.SqlClient.SqlDataReader.TryReadInternal(Boolean setTimeout, Boolean& more)
   at Microsoft.Data.SqlClient.SqlDataReader.ReadAsyncExecute(Task task, Object state)
   at Microsoft.Data.SqlClient.SqlDataReader.InvokeAsyncCall[T](SqlDataReaderBaseAsyncCallContext`1 context)
--- End of stack trace from previous location ---
   at Microsoft.EntityFrameworkCore.Update.AffectedCountModificationCommandBatch.ConsumeResultSetAsync(Int32 startCommandIndex, RelationalDataReader reader, CancellationToken cancellationToken)
ClientConnectionId:3f16265b-1ef8-46fb-b5f1-448299b09b42
Error Number:2628,State:1,Class:16
   --- End of inner exception stack trace ---
   at Microsoft.EntityFrameworkCore.Update.AffectedCountModificationCommandBatch.ConsumeResultSetAsync(Int32 startCommandIndex, RelationalDataReader reader, CancellationToken cancellationToken)
   at Microsoft.EntityFrameworkCore.Update.AffectedCountModificationCommandBatch.ConsumeAsync(RelationalDataReader reader, CancellationToken cancellationToken)
   at Microsoft.EntityFrameworkCore.Update.ReaderModificationCommandBatch.ExecuteAsync(IRelationalConnection connection, CancellationToken cancellationToken)
   at Microsoft.EntityFrameworkCore.Update.ReaderModificationCommandBatch.ExecuteAsync(IRelationalConnection connection, CancellationToken cancellationToken)
   at Microsoft.EntityFrameworkCore.SqlServer.Update.Internal.SqlServerModificationCommandBatch.ExecuteAsync(IRelationalConnection connection, CancellationToken cancellationToken)
   at Microsoft.EntityFrameworkCore.Update.Internal.BatchExecutor.ExecuteAsync(IEnumerable`1 commandBatches, IRelationalConnection connection, CancellationToken cancellationToken)
   at Microsoft.EntityFrameworkCore.Update.Internal.BatchExecutor.ExecuteAsync(IEnumerable`1 commandBatches, IRelationalConnection connection, CancellationToken cancellationToken)
   at Microsoft.EntityFrameworkCore.Update.Internal.BatchExecutor.ExecuteAsync(IEnumerable`1 commandBatches, IRelationalConnection connection, CancellationToken cancellationToken)
   at Microsoft.EntityFrameworkCore.ChangeTracking.Internal.StateManager.SaveChangesAsync(IList`1 entriesToSave, CancellationToken cancellationToken)
   at Microsoft.EntityFrameworkCore.ChangeTracking.Internal.StateManager.SaveChangesAsync(StateManager stateManager, Boolean acceptAllChangesOnSuccess, CancellationToken cancellationToken)
   at Microsoft.EntityFrameworkCore.SqlServer.Storage.Internal.SqlServerExecutionStrategy.ExecuteAsync[TState,TResult](TState state, Func`4 operation, Func`4 verifySucceeded, CancellationToken cancellationToken)
   at Microsoft.EntityFrameworkCore.DbContext.SaveChangesAsync(Boolean acceptAllChangesOnSuccess, CancellationToken cancellationToken)
2026-02-21 02:50:28.583 +06:00 [ERR] Error processing request SyncExchangeRatesCommand: An error occurred while saving the entity changes. See the inner exception for details.
Microsoft.EntityFrameworkCore.DbUpdateException: An error occurred while saving the entity changes. See the inner exception for details.
 ---> Microsoft.Data.SqlClient.SqlException (0x80131904): String or binary data would be truncated in table 'fxrately_db.dbo.ExchangeRateHistory', column 'TargetCurrency'. Truncated value: 'AGL'.
   at Microsoft.Data.SqlClient.SqlConnection.OnError(SqlException exception, Boolean breakConnection, Action`1 wrapCloseInAction)
   at Microsoft.Data.SqlClient.SqlInternalConnection.OnError(SqlException exception, Boolean breakConnection, Action`1 wrapCloseInAction)
   at Microsoft.Data.SqlClient.TdsParser.ThrowExceptionAndWarning(TdsParserStateObject stateObj, Boolean callerHasConnectionLock, Boolean asyncClose)
   at Microsoft.Data.SqlClient.TdsParser.TryRun(RunBehavior runBehavior, SqlCommand cmdHandler, SqlDataReader dataStream, BulkCopySimpleResultSet bulkCopyHandler, TdsParserStateObject stateObj, Boolean& dataReady)
   at Microsoft.Data.SqlClient.SqlDataReader.TryHasMoreRows(Boolean& moreRows)
   at Microsoft.Data.SqlClient.SqlDataReader.TryReadInternal(Boolean setTimeout, Boolean& more)
   at Microsoft.Data.SqlClient.SqlDataReader.ReadAsyncExecute(Task task, Object state)
   at Microsoft.Data.SqlClient.SqlDataReader.InvokeAsyncCall[T](SqlDataReaderBaseAsyncCallContext`1 context)
--- End of stack trace from previous location ---
   at Microsoft.EntityFrameworkCore.Update.AffectedCountModificationCommandBatch.ConsumeResultSetAsync(Int32 startCommandIndex, RelationalDataReader reader, CancellationToken cancellationToken)
ClientConnectionId:3f16265b-1ef8-46fb-b5f1-448299b09b42
Error Number:2628,State:1,Class:16
   --- End of inner exception stack trace ---
   at Microsoft.EntityFrameworkCore.Update.AffectedCountModificationCommandBatch.ConsumeResultSetAsync(Int32 startCommandIndex, RelationalDataReader reader, CancellationToken cancellationToken)
   at Microsoft.EntityFrameworkCore.Update.AffectedCountModificationCommandBatch.ConsumeAsync(RelationalDataReader reader, CancellationToken cancellationToken)
   at Microsoft.EntityFrameworkCore.Update.ReaderModificationCommandBatch.ExecuteAsync(IRelationalConnection connection, CancellationToken cancellationToken)
   at Microsoft.EntityFrameworkCore.Update.ReaderModificationCommandBatch.ExecuteAsync(IRelationalConnection connection, CancellationToken cancellationToken)
   at Microsoft.EntityFrameworkCore.SqlServer.Update.Internal.SqlServerModificationCommandBatch.ExecuteAsync(IRelationalConnection connection, CancellationToken cancellationToken)
   at Microsoft.EntityFrameworkCore.Update.Internal.BatchExecutor.ExecuteAsync(IEnumerable`1 commandBatches, IRelationalConnection connection, CancellationToken cancellationToken)
   at Microsoft.EntityFrameworkCore.Update.Internal.BatchExecutor.ExecuteAsync(IEnumerable`1 commandBatches, IRelationalConnection connection, CancellationToken cancellationToken)
   at Microsoft.EntityFrameworkCore.Update.Internal.BatchExecutor.ExecuteAsync(IEnumerable`1 commandBatches, IRelationalConnection connection, CancellationToken cancellationToken)
   at Microsoft.EntityFrameworkCore.ChangeTracking.Internal.StateManager.SaveChangesAsync(IList`1 entriesToSave, CancellationToken cancellationToken)
   at Microsoft.EntityFrameworkCore.ChangeTracking.Internal.StateManager.SaveChangesAsync(StateManager stateManager, Boolean acceptAllChangesOnSuccess, CancellationToken cancellationToken)
   at Microsoft.EntityFrameworkCore.SqlServer.Storage.Internal.SqlServerExecutionStrategy.ExecuteAsync[TState,TResult](TState state, Func`4 operation, Func`4 verifySucceeded, CancellationToken cancellationToken)
   at Microsoft.EntityFrameworkCore.DbContext.SaveChangesAsync(Boolean acceptAllChangesOnSuccess, CancellationToken cancellationToken)
   at Microsoft.EntityFrameworkCore.DbContext.SaveChangesAsync(Boolean acceptAllChangesOnSuccess, CancellationToken cancellationToken)
   at FxRateHub.Infrastructure.Persistence.ApplicationDbContext.SaveChangesAsync(CancellationToken cancellationToken) in /media/mainul/Software/FxRateHub/src/FxRateHub.Infrastructure/Persistence/ApplicationDbContext.cs:line 99
   at FxRateHub.Application.Features.ExchangeRates.Commands.SyncExchangeRatesCommandHandler.Handle(SyncExchangeRatesCommand request, CancellationToken cancellationToken) in /media/mainul/Software/FxRateHub/src/FxRateHub.Application/Features/ExchangeRates/Commands/SyncExchangeRatesCommandHandler.cs:line 104
   at FxRateHub.Application.Common.Behaviors.LoggingBehavior`2.Handle(TRequest request, RequestHandlerDelegate`1 next, CancellationToken cancellationToken) in /media/mainul/Software/FxRateHub/src/FxRateHub.Application/Common/Behaviors/LoggingBehavior.cs:line 30
2026-02-21 02:50:28.609 +06:00 [INF] HTTP POST /api/admin/sync-rates responded 400 in 5189.7707 ms
2026-02-21 02:50:40.800 +06:00 [INF] Processing request GetSyncLogsQuery
2026-02-21 02:50:41.096 +06:00 [INF] Completed request GetSyncLogsQuery in 290ms
2026-02-21 02:50:41.109 +06:00 [INF] HTTP GET /api/admin/sync-logs responded 200 in 362.0496 ms
